"","potID","fullPotID","hostVar","bacteria","Fusarium","microTrt","control","block","bench","ID","Notes","Sample_ID","Ambient.Humidity","Ambient.Pressure","Ambient.Temperature","ECS_tau","ECSt.mAU","FmPrime","FoPrime","Fs","FvP_over_FmP","gH.","kP700","leaf.angle","Leaf.Temperature","Leaf.Temperature.Differential","leaf_thickness","LEF","Light.Intensity..PAR.","NPQt","P700_DIRK_ampl","Phi2","PhiNO","PhiNPQ","PS1.Active.Centers","PS1.Open.Centers","PS1.Over.Reduced.Centers","PS1.Oxidized.Centers","pump","qL","SPAD","test_data_raw_PAM","time","Time.of.Day","tP700","v_initial_P700","vH.","User","Device.ID","Issues","Notes_postMeasure","plant_rep","Day","leafvpd","aVPD","lVPD"
"1","1","N01-Y108-F+","Norm","Y108","YES","Y108","NO","1","1","2189247","one leaf;  youngest fully extended leaf, 4th ""segment"" up from 2nd leaf of tiller (not the leaf near the soil); ","1-1",44.7002,997.0719,27.1,0.0058,0.00042,765.9,147,225.33,0.808,172.485,281.9836,3.953,25.95,-1.15,0.26,109.38,344.296,0.159,2e-04,0.706,0.254,0.04,2.736,1.012,0.056,-0.067,"none",0.57,49.075,620,"7/27/2021 10:30",10.50972222,0.0035,0.0563967,0.072,"Briana K. Whitaker","52:00:13:65",NA,"","1",2021-07-27,1737.40774399892,1969.8541021736,1737.40774399892
"2","1","N01-Y108-F+","Norm","Y108","YES","Y108","NO","1","1","2189249","one leaf;  youngest fully extended leaf, 4th ""segment"" up from 2nd leaf of tiller (not the leaf near the soil); ","1-3",41.77734,997.10516,28.76,0.0068,5e-04,715.89,156,229.33,0.782,147.117,145.661,2.086,26.93,-1.83,0.3,104.13,340.297,0.36,0.00016,0.68,0.236,0.085,2.131,1.001,-0.178,0.178,"none",0.591,46.055,620,"7/27/2021 10:35",10.5875,0.0069,0.0233058,0.074,"Briana K. Whitaker","52:00:13:65",NA,"","3",2021-07-27,1888.16953670646,2283.815779353,1888.16953670646
"3","1","N01-Y108-F+","Norm","Y108","YES","Y108","NO","1","1","2189248","one leaf;  youngest fully extended leaf, 4th ""segment"" up from 2nd leaf of tiller (not the leaf near the soil); ","1-2",42.47754,997.06561,28.05,0.0045,0.00042,715.78,136,208.33,0.81,221.846,357.6849,4.579,26.67,-1.38,0.34,114.53,358.975,0.145,0.00017,0.709,0.254,0.037,2.372,1.022,0.075,-0.097,"none",0.571,48.86,620,"7/27/2021 10:33",10.55472222,0.0028,0.0608064,0.093,"Briana K. Whitaker","52:00:13:65",NA,"","2",2021-07-27,1874.46951393049,2165.54388004994,1874.46951393049
"4","10","N10-Q16-F+","Norm","Q16","YES","Q16","NO","1","1","2189276"," two leaves;   youngest fully extended leaf, 4th ""segment"" up from 2nd leaf of tiller (not the leaf near the soil); ","10-1",32.26953,997.95251,32.35,0.0115,0.00021,772.77,164,233.33,0.788,86.774,205.7517,1.632,29.37,-2.98,0.43,107.62,342.633,0.315,9e-05,0.698,0.23,0.072,7.471,0.53,0.572,-0.102,"none",0.623,95.843,620,"7/27/2021 12:11",12.18916667,0.0049,0.0185177,0.018,"Briana K. Whitaker","52:00:13:65",NA,"","1",2021-07-27,2509.89663832481,3259.28616513225,2509.89663832481
"5","10","N10-Q16-F+","Norm","Q16","YES","Q16","NO","1","1","2189278"," two leaves;   youngest fully extended leaf, 4th ""segment"" up from 2nd leaf of tiller (not the leaf near the soil); ","10-3",32.56738,998.01263,32.35,0.005,0.00026,788.1,168,231,0.787,201.835,11.9899,2.732,28.97,-3.38,0.43,102.64,322.603,0.322,1e-05,0.707,0.222,0.071,5.525,0.639,0.46,-0.099,"none",0.653,88.952,620,"7/27/2021 12:16",12.27666667,0.0834,0.0001199,0.052,"Briana K. Whitaker","52:00:13:65",NA,"","3",2021-07-27,2403.14818231101,3244.95320119025,2403.14818231101
"6","10","N10-Q16-F+","Norm","Q16","YES","Q16","NO","1","1","2189277"," two leaves;   youngest fully extended leaf, 4th ""segment"" up from 2nd leaf of tiller (not the leaf near the soil); ","10-2",32.66895,998.01831,32.27,0.0048,0.00029,720.83,155,222,0.785,208.051,-1505.1722,6.506,29.11,-3.16,0.45,102.36,328.712,0.337,5e-05,0.692,0.23,0.078,4.416,0.6,0.419,-0.019,"none",0.616,67.984,620,"7/27/2021 12:13",12.23166667,-7e-04,-0.0752586,0.06,"Briana K. Whitaker","52:00:13:65",NA,"","2",2021-07-27,2437.44747037998,3225.53163061418,2437.44747037998
"7","11","N11-A30-F+","Norm","A30","YES","A30","NO","1","1","2189279"," two leaves;   youngest fully extended leaf, 4th ""segment"" up from 2nd leaf of tiller (not the leaf near the soil); ","11-1",32.40723,998.01703,32.44,0.0081,0.00036,720.21,149,226.67,0.793,123.656,-1.0118,7.243,28.35,-4.09,0.43,93.61,303.68,0.273,0.00015,0.685,0.247,0.067,4.601,0.658,0.388,-0.046,"none",0.568,73.088,620,"7/27/2021 12:19",12.32861111,-0.9884,-0.0001518,0.045,"Briana K. Whitaker","52:00:13:65",NA,"","1",2021-07-27,2263.32277334938,3269.1422304865,2263.32277334938
"8","11","N11-A30-F+","Norm","A30","YES","A30","NO","1","1","2189280"," two leaves;   youngest fully extended leaf, 4th ""segment"" up from 2nd leaf of tiller (not the leaf near the soil); ","11-2",32.24219,997.8725,32.47,0.0048,0.00026,765.06,165,240.33,0.784,208.246,1126.9506,2.902,28.49,-3.98,0.37,104.22,337.622,0.342,0.00015,0.686,0.234,0.08,4.907,0.721,0.374,-0.095,"none",0.6,68.127,620,"7/27/2021 12:21",12.36555556,9e-04,0.1690426,0.054,"Briana K. Whitaker","52:00:13:65",NA,"","2",2021-07-27,2299.82648508884,3282.64811061029,2299.82648508884
"9","11","N11-A30-F+","Norm","A30","YES","A30","NO","1","1","2189281"," two leaves;   youngest fully extended leaf, 4th ""segment"" up from 2nd leaf of tiller (not the leaf near the soil); ","11-3",31.77637,997.77643,32.62,0.0059,0.00041,682.17,144,201.67,0.789,168.868,58.7089,3.456,28.53,-4.09,0.45,106.43,335.962,0.306,0.00011,0.704,0.226,0.069,3.105,0.568,0.188,0.244,"none",0.638,58.434,620,"7/27/2021 12:24",12.40277778,0.017,0.006458,0.069,"Briana K. Whitaker","52:00:13:65",NA,"","3",2021-07-27,2318.32519172356,3333.14612988681,2318.32519172356
"10","12","N12-B-/-F+","Norm","NO","YES","POS","POS","1","1","2189283"," two leaves;   youngest fully extended leaf, 3rd ""segment"" up from 2nd leaf of tiller (not the leaf near the soil); skipped 12.2","12-3",32.50488,997.53534,31.98,0.007,0.00032,797.19,162,239.67,0.797,142.933,-306.4388,1.955,27.99,-3.99,0.47,92.57,294.278,0.245,-5e-05,0.699,0.242,0.059,5.857,0.245,0.553,0.202,"none",0.593,82.395,620,"7/27/2021 12:34",12.56666667,-0.0033,0.0153219,0.046,"Briana K. Whitaker","52:00:13:65",NA,"","3",2021-07-27,2219.65078451158,3181.05253166103,2219.65078451158
"11","12","N12-B-/-F+","Norm","NO","YES","POS","POS","1","1","2189282"," two leaves;   youngest fully extended leaf, 4th ""segment"" up from 2nd leaf of tiller (not the leaf near the soil); note cart changed positions at pot12 (watch PAR)","12-1",32.24609,997.64172,32.02,0.0066,0.00028,906.64,194,274,0.786,152.588,-85.12,4.354,27.21,-4.81,0.52,100.89,321.188,0.328,-5e-05,0.698,0.227,0.075,4.832,0.613,0.501,-0.114,"none",0.629,89.222,620,"7/27/2021 12:30",12.5075,-0.0117,0.004256,0.043,"Briana K. Whitaker","52:00:13:65",NA,"","1",2021-07-27,2061.90344189383,3200.45196739247,2061.90344189383
"12","12","N12-B-/-F+","Norm","NO","YES","POS","POS","1","1","2189284"," two leaves;   youngest fully extended leaf, 3rd ""segment"" up from 2nd leaf of tiller (not the leaf near the soil); ","12-4",32.30078,997.56421,32.29,0.0055,0.00031,780.17,171,231.67,0.781,181.954,-712.3688,0.913,27.93,-4.36,0.59,96.58,305.307,0.37,5e-05,0.703,0.217,0.08,4.158,0.835,0.326,-0.161,"none",0.665,77.372,620,"7/27/2021 12:36",12.60333333,-0.0014,-0.0356184,0.056,"Briana K. Whitaker","52:00:13:65",NA,"","4",2021-07-27,2189.43818245015,3246.81701036884,2189.43818245015
"13","13","N13-Y2-F+","Norm","Y2","YES","Y2","NO","1","1","2189287"," two leaves;   youngest fully extended leaf, 4th ""segment"" up from 2nd leaf of tiller (not the leaf near the soil); ","13-3",34.11426,996.84875,30.74,0.0096,0.00038,795.22,176,257.33,0.779,103.741,69.2669,5.118,26.53,-4.21,0.47,91.62,301.181,0.387,0.00021,0.676,0.233,0.09,5.856,0.503,0.571,-0.074,"none",0.594,90.832,620,"7/27/2021 12:49",12.82222222,0.0144,0.014546,0.039,"Briana K. Whitaker","52:00:13:65",NA,"","3",2021-07-27,1946.36890339197,2894.76020100669,1946.36890339197
"14","13","N13-Y2-F+","Norm","Y2","YES","Y2","NO","1","1","2189286"," two leaves;   youngest fully extended leaf, 4th ""segment"" up from 2nd leaf of tiller (not the leaf near the soil); ","13-2",33.72656,996.94781,30.96,0.0046,0.00029,851.25,172,256.67,0.798,218.074,542.0803,2.651,26.47,-4.49,0.39,94.04,299.383,0.236,0.00017,0.698,0.244,0.058,3.964,0.771,0.421,-0.192,"none",0.587,64.338,620,"7/27/2021 12:45",12.76638889,0.0018,0.0921537,0.063,"Briana K. Whitaker","52:00:13:65",NA,"","2",2021-07-27,1932.65655903177,2948.41373431026,1932.65655903177
"15","13","N13-Y2-F+","Norm","Y2","YES","Y2","NO","1","1","2189285"," two leaves;   youngest fully extended leaf, 4th ""segment"" up from 2nd leaf of tiller (not the leaf near the soil); ","13-1",32.47168,997.14923,31.51,0.0064,0.00029,864.48,177,262.33,0.795,157.337,188.2689,5.563,26.35,-5.16,0.73,91.43,291.495,0.256,0.00016,0.697,0.242,0.062,6.066,0.27,0.625,0.105,"none",0.591,97.061,620,"7/27/2021 12:43",12.72472222,0.0053,0.030123,0.046,"Briana K. Whitaker","52:00:13:65",NA,"","1",2021-07-27,1918.65805675138,3099.31343791939,1918.65805675138
"16","14","A14-W14-F+","Alsen","W14","YES","W14","NO","1","1","2189288"," two leaves;   youngest fully extended leaf, flag leaf, 5th ""segment"" up from 2nd leaf of tiller (not the leaf near the soil); ","14-1",34.72656,996.6911,30.51,0.0075,0.00049,659.12,122,184.33,0.815,134.127,59.4233,2.24,26.53,-3.98,0.43,100.1,308.941,0.108,0.00024,0.72,0.252,0.027,3.345,0.605,0.313,0.082,"none",0.585,44.036,620,"7/27/2021 12:54",12.91222222,0.0168,0.0142616,0.066,"Briana K. Whitaker","52:00:13:65",NA,"","1",2021-07-27,1939.30544484324,2830.56872725477,1939.30544484324
"17","14","A14-W14-F+","Alsen","W14","YES","W14","NO","1","1","2189289"," two leaves;   youngest fully extended leaf, flag leaf, 5th ""segment"" up from 2nd leaf of tiller (not the leaf near the soil); ","14-2",34.63379,996.59119,30.71,0.0064,4e-04,689.86,128,221.33,0.814,156.568,169.5276,3.571,26.53,-4.18,0.26,100.01,327.302,0.112,0.00028,0.679,0.289,0.032,2.756,1.13,-0.037,-0.093,"none",0.482,43.318,620,"7/27/2021 12:57",12.95055556,0.0059,0.0474677,0.063,"Briana K. Whitaker","52:00:13:65",NA,"","2",2021-07-27,1926.13631013467,2867.03922442997,1926.13631013467
"18","14","A14-W14-F+","Alsen","W14","YES","W14","NO","1","1","2189290"," two leaves;   youngest fully extended leaf, flag leaf, 5th ""segment"" up from 2nd leaf of tiller (not the leaf near the soil); skipped 14.3","14-4",34.38281,996.63361,30.84,0.0073,0.00044,663.09,125,212.67,0.811,136.672,207.6998,2.865,26.57,-4.27,0.42,98.91,323.707,0.134,0.00025,0.679,0.283,0.038,3.168,0.914,0.096,-0.009,"none",0.492,44.669,620,"7/27/2021 12:59",12.99333333,0.0048,0.051925,0.06,"Briana K. Whitaker","52:00:13:65",NA,"","4",2021-07-27,1934.05431795233,2899.39276455257,1934.05431795233
"19","15","A15-Q22-F+","Alsen","Q22","YES","Q22","NO","1","1","2189293"," two leaves;   youngest fully extended leaf, flag leaf, 5th ""segment"" up from 2nd leaf of tiller (not the leaf near the soil); skipped 15.3, was transplant","15-4",34.88281,996.70135,30.56,0.0083,0.00037,806.34,168,254,0.792,120.326,-162.4021,5.831,26.61,-3.95,0.34,101.08,327.917,0.284,-7e-05,0.685,0.245,0.07,4.521,0.837,0.255,-0.092,"none",0.572,67.618,620,"7/27/2021 13:07",13.13111111,-0.0062,0.0113681,0.045,"Briana K. Whitaker","52:00:13:65",NA,"","4",2021-07-27,1944.42228941235,2831.84399972381,1944.42228941235
"20","15","A15-Q22-F+","Alsen","Q22","YES","Q22","NO","1","1","2189292"," two leaves;   youngest fully extended leaf, flag leaf, 5th ""segment"" up from 2nd leaf of tiller (not the leaf near the soil); ","15-2",34.64062,996.70349,30.65,0.0061,0.00041,796.91,160,237,0.799,162.799,94.7497,4.685,26.19,-4.46,0.29,100.68,318.244,0.226,0.00019,0.703,0.243,0.055,4.133,0.866,0.261,-0.126,"none",0.593,60.27,620,"7/27/2021 13:05",13.09111111,0.0106,0.0180024,0.067,"Briana K. Whitaker","52:00:13:65",NA,"","2",2021-07-27,1862.87521055187,2856.97268039665,1862.87521055187
"21","15","A15-Q22-F+","Alsen","Q22","YES","Q22","NO","1","1","2189291"," two leaves;   youngest fully extended leaf, flag leaf, 5th ""segment"" up from 2nd leaf of tiller (not the leaf near the soil); ","15-1",34.2832,996.57867,30.77,0.007,0.00049,743.61,146,228.33,0.804,141.901,-2138.7409,2.333,25.87,-4.9,0.33,103.76,332.738,0.192,0.00023,0.693,0.258,0.05,4.265,0.806,0.217,-0.023,"none",0.551,45.08,620,"7/27/2021 13:02",13.04555556,-5e-04,-0.4919104,0.07,"Briana K. Whitaker","52:00:13:65",NA,"","1",2021-07-27,1805.18315039746,2892.26606958049,1805.18315039746
"22","16","N16-B-/-F-","Norm","NO","NO","NEG","NEG","1","1","2189296"," two leaves;   youngest fully extended leaf, 4th ""segment"" up from 2nd leaf of tiller (not the leaf near the soil); ","16-3",34.63477,996.20844,31.03,0.0087,3e-04,782.6,159,235.67,0.797,114.791,308.4105,0.178,26.93,-4.1,0.35,97.17,308.914,0.244,0.00011,0.699,0.242,0.059,5.325,0.652,0.49,-0.142,"none",0.592,77.911,620,"7/27/2021 13:16",13.27138889,0.0032,0.0339252,0.034,"Briana K. Whitaker","52:00:13:65",NA,"","3",2021-07-27,1979.92266281682,2919.58320248766,1979.92266281682
"23","16","N16-B-/-F-","Norm","NO","NO","NEG","NEG","1","1","2189295"," two leaves;   youngest fully extended leaf, 4th ""segment"" up from 2nd leaf of tiller (not the leaf near the soil); ","16-2",34.51953,996.27673,30.92,0.0141,0.00042,823.67,159,246.33,0.807,70.996,91.6422,0.888,26.67,-4.25,0.45,99.17,314.386,0.167,0.00016,0.701,0.256,0.043,4.682,0.509,0.361,0.13,"none",0.561,79.046,620,"7/27/2021 13:13",13.22916667,0.0109,0.0146628,0.03,"Briana K. Whitaker","52:00:13:65",NA,"","2",2021-07-27,1941.37560564354,2906.52790282508,1941.37560564354
"24","16","N16-B-/-F-","Norm","NO","NO","NEG","NEG","1","1","2189294"," two leaves;   youngest fully extended leaf, 4th ""segment"" up from 2nd leaf of tiller (not the leaf near the soil); ","16-1",35.0791,996.47736,30.79,0.0071,0.00042,773.28,156,262.67,0.798,141.381,-20676.5755,2.535,26.15,-4.64,0.4,98.24,330.783,0.233,2e-04,0.66,0.275,0.064,5.683,0.534,0.503,-0.037,"none",0.491,64.317,620,"7/27/2021 13:10",13.18194444,0,-4.1353151,0.059,"Briana K. Whitaker","52:00:13:65",NA,"","1",2021-07-27,1823.51432431734,2860.48750420482,1823.51432431734
"25","17","A17-Y11-F+","Alsen","Y11","YES","Y11","NO","1","1","2189297"," two leaves;   youngest fully extended leaf, flag leaf, 5th ""segment"" up from 2nd leaf of tiller (not the leaf near the soil); ","17-1",34.28418,996.16626,31.27,0.0045,0.00039,636.71,119,172,0.813,222.469,24.7795,3.127,27.11,-4.16,0.26,109.43,333.111,0.122,0.00025,0.73,0.241,0.029,1.865,1.332,-1.243,0.911,"none",0.621,42.709,620,"7/27/2021 13:22",13.36805556,0.0404,0.0061949,0.087,"Briana K. Whitaker","52:00:13:65",NA,"","1",2021-07-27,2011.9171272784,2975.44546625693,2011.9171272784
"26","17","A17-Y11-F+","Alsen","Y11","YES","Y11","NO","1","1","2189299"," two leaves;   youngest fully extended leaf, flag leaf, 5th ""segment"" up from 2nd leaf of tiller (not the leaf near the soil); ","17-3",33.27832,996.22736,31.48,0.0068,0.00036,700.01,136,195,0.806,146.52,84.5662,1.638,27.39,-4.09,0.23,99.41,306.408,0.177,0.00023,0.721,0.237,0.042,3.24,0.793,0.278,-0.072,"none",0.624,48.34,620,"7/27/2021 13:27",13.46111111,0.0118,0.0194502,0.053,"Briana K. Whitaker","52:00:13:65",NA,"","3",2021-07-27,2098.16750688373,3057.10189662341,2098.16750688373
"27","17","A17-Y11-F+","Alsen","Y11","YES","Y11","NO","1","1","2189298"," two leaves;   youngest fully extended leaf, flag leaf, 5th ""segment"" up from 2nd leaf of tiller (not the leaf near the soil); ","17-2",33.62988,996.20502,31.41,0.0058,0.00031,727.8,146,207.33,0.799,171.318,-424.9642,1.97,26.89,-4.52,0.3,102.37,318.164,0.225,-9e-05,0.715,0.233,0.052,4.915,0.86,0.306,-0.167,"none",0.63,63.097,620,"7/27/2021 13:24",13.40888889,-0.0024,0.0382468,0.053,"Briana K. Whitaker","52:00:13:65",NA,"","2",2021-07-27,1983.87441328575,3028.9781793515,1983.87441328575
"28","18","A18-Y2-F+","Alsen","Y2","YES","Y2","NO","1","1","2189301"," two leaves;   youngest fully extended leaf, flag leaf, 5th ""segment"" up from 2nd leaf of tiller (not the leaf near the soil); skipped 18.2","18-3",33.88477,995.90216,31.17,0.0082,0.00044,726.63,147,215,0.798,122.177,91.9437,6.215,27.21,-3.96,0.28,100.92,318.55,0.238,0.00029,0.704,0.239,0.057,4.042,0.795,0.26,-0.055,"none",0.604,54.159,620,"7/27/2021 13:34",13.57638889,0.0109,0.0266637,0.054,"Briana K. Whitaker","52:00:13:65",NA,"","3",2021-07-27,2059.54400910372,2976.61858175143,2059.54400910372
"29","18","A18-Y2-F+","Alsen","Y2","YES","Y2","NO","1","1","2189300"," two leaves;   youngest fully extended leaf, flag leaf, 5th ""segment"" up from 2nd leaf of tiller (not the leaf near the soil); ","18-1",33.28125,996.09875,31.36,0.006,0.00032,751.21,151,252,0.799,166.893,109.9418,2.931,26.67,-4.69,0.35,100.19,334.803,0.228,0.00026,0.665,0.273,0.062,5.822,0.692,0.418,-0.111,"none",0.498,69.201,620,"7/27/2021 13:30",13.51166667,0.0091,0.0285849,0.053,"Briana K. Whitaker","52:00:13:65",NA,"","1",2021-07-27,1959.0304846231,3036.28653567279,1959.0304846231
"30","18","A18-Y2-F+","Alsen","Y2","YES","Y2","NO","1","1","2189302"," two leaves;  youngest fully extended leaf, flag leaf, 5th ""segment"" up from 2nd leaf of tiller (not the leaf near the soil); ","18-4",33.88184,995.71204,31.13,0.0062,0.00042,761.49,156,231,0.795,161.475,-7.2249,3.01,27.49,-3.64,0.39,102.04,325.323,0.257,8e-05,0.697,0.241,0.062,5.047,0.803,0.308,-0.111,"none",0.592,70.168,620,"7/27/2021 13:36",13.61361111,-0.1384,-0.000578,0.068,"Briana K. Whitaker","52:00:13:65",NA,"","4",2021-07-27,2122.14939703243,2970.00901755019,2122.14939703243
"31","19","N19-Y2-F+","Norm","Y2","YES","Y2","NO","2","1","2192855"," two leaves;   youngest fully extended leaf, 4th ""segment"" up from 2nd leaf of tiller (not the leaf near the soil); ","19-1",42.33984,997.53564,29.1,0.0072,0.00033,806.09,155,234.67,0.808,137.981,81.9246,4.147,27.07,-2.03,0.42,107.2,335.993,0.162,0.00014,0.709,0.251,0.041,5.273,0.742,0.458,-0.2,"none",0.58,68.452,620,"7/28/2021 10:34",10.58138889,0.0122,0.0114694,0.046,"Briana K. Whitaker","52:00:13:65",NA,"","1",2021-07-28,1862.23211832122,2306.50381862156,1862.23211832122
"32","19","N19-Y2-F+","Norm","Y2","YES","Y2","NO","2","1","2192864"," two leaves;   youngest fully extended leaf, 4th ""segment"" up from 2nd leaf of tiller (not the leaf near the soil); ","19-2",41.36328,997.383,29.52,0.0073,0.00043,724.16,138,216.33,0.809,136.616,88.1716,2.829,27.35,-2.17,0.4,100.2,317.632,0.149,0.00018,0.701,0.26,0.039,3.261,0.922,0.205,-0.127,"none",0.553,59.922,620,"7/28/2021 10:37",10.62722222,0.0113,0.0158709,0.059,"Briana K. Whitaker","52:00:13:65",NA,"","2",2021-07-28,1919.47714506135,2402.86667192499,1919.47714506135
"33","2","N02-Q22-F+","Norm","Q22","YES","Q22","NO","1","1","2189250","one leaf;  youngest fully extended leaf, 4th ""segment"" up from 2nd leaf of tiller (not the leaf near the soil); ","2-2",37.91504,997.198,30.67,0.0066,0.00041,727.08,134,207.67,0.816,152.227,-14.4279,4.702,27.07,-3.6,0.43,108.17,336.659,0.103,-1e-05,0.714,0.259,0.027,3.137,0.92,0.045,0.035,"none",0.565,51.132,620,"7/27/2021 10:41",10.69222222,-0.0693,0.0001443,0.062,"Briana K. Whitaker","52:00:13:65",NA,"","2",2021-07-27,1896.67787546998,2716.93155729409,1896.67787546998
"34","2","N02-Q22-F+","Norm","Q22","YES","Q22","NO","1","1","2189251","one leaf;  youngest fully extended leaf, 3rd ""segment"" up from 2nd leaf of tiller (not the leaf near the soil); ","2-1",38.77246,997.23767,30.03,0.0073,0.00053,654.64,134,203.33,0.795,137.204,102.1766,5.558,26.99,-3.04,0.56,108.51,349.977,0.256,0.00023,0.689,0.247,0.063,2.967,0.802,0.133,0.065,"none",0.571,51.633,620,"7/27/2021 10:39",10.65083333,0.0098,0.0235006,0.073,"Briana K. Whitaker","52:00:13:65",NA,"","1",2021-07-27,1903.36844559616,2583.39280022195,1903.36844559616
"35","2","N02-Q22-F+","Norm","Q22","YES","Q22","NO","1","1","2189252","one leaf;  youngest fully extended leaf, 3rd or 4th ""segment"" up from 2nd leaf of tiller (not the leaf near the soil); ","2-3",36.56445,997.23029,30.99,0.007,0.00051,722.75,139,209,0.808,143.251,113.7566,4.013,27.25,-3.74,0.57,117.78,368.105,0.162,0.00018,0.711,0.249,0.04,2.751,1.061,-0.069,0.009,"none",0.585,51.122,620,"7/27/2021 10:44",10.73694444,0.0088,0.0204762,0.073,"Briana K. Whitaker","52:00:13:65",NA,"","3",2021-07-27,1963.99922728628,2826.96923123859,1963.99922728628
"36","20","N20-A30-F+","Norm","A30","YES","A30","NO","2","1","2192867"," two leaves;   youngest fully extended leaf, 4th ""segment"" up from 2nd leaf of tiller (not the leaf near the soil); ","20-1",38.24707,997.17847,30.54,0.0062,0.00041,757.08,147,242.67,0.806,161.268,592.4592,7.442,27.61,-2.93,0.36,104.68,342.591,0.176,0.00026,0.679,0.273,0.048,3.329,0.755,0.155,0.09,"none",0.511,61.142,620,"7/28/2021 10:43",10.72777778,0.0017,0.1540394,0.066,"Briana K. Whitaker","52:00:13:65",NA,"","1",2021-07-28,2008.25183141662,2682.48133824165,2008.25183141662
"37","20","N20-A30-F+","Norm","A30","YES","A30","NO","2","1","2192856","two leaves;  youngest fully extended leaf, 4th and 5th[flag] ""segment"" up from 2nd leaf of tiller (not the leaf near the soil); ","20-2",38.0166,997.2229,30.9,0.005,0.00034,680.37,126,201,0.815,198.239,136.2098,4.395,28.07,-2.83,0.38,104.97,330.866,0.109,0.00013,0.705,0.266,0.029,2.136,1.09,-0.02,-0.07,"none",0.542,47.261,620,"7/28/2021 10:46",10.78027778,0.0073,0.0177073,0.067,"Briana K. Whitaker","52:00:13:65",NA,"","2",2021-07-28,2083.50829329967,2748.17821191948,2083.50829329967
"38","20","N20-A30-F+","Norm","A30","YES","A30","NO","2","1","2192863"," two leaves;   youngest fully extended leaf, 4th ""segment"" up from 2nd leaf of tiller (not the leaf near the soil); ","20-3",36.79492,997.18939,31.33,0.0071,0.00035,690.74,130,191,0.812,141.486,26.0722,3.783,28.07,-3.26,0.33,99.85,306.9,0.131,0.00015,0.723,0.244,0.032,2.94,0.763,0.277,-0.04,"none",0.607,54.313,620,"7/28/2021 10:49",10.82861111,0.0384,0.0039108,0.05,"Briana K. Whitaker","52:00:13:65",NA,"","3",2021-07-28,2097.41294699241,2871.50386917929,2097.41294699241
"39","21","A21-A30-F+","Alsen","A30","YES","A30","NO","2","1","2192868"," two leaves;   youngest fully extended leaf, 4th ""segment"" up from 2nd leaf of tiller (not the leaf near the soil); ","21-1",36.66016,997.1319,31.42,0.0054,0.00039,700.55,126,189.67,0.82,185.967,371.0003,5.389,27.85,-3.57,0.37,109.16,332.753,0.07,0.00011,0.729,0.253,0.018,3.532,0.933,0.153,-0.086,"none",0.591,49.024,620,"7/28/2021 10:53",10.89583333,0.0027,0.04081,0.073,"Briana K. Whitaker","52:00:13:65",NA,"","1",2021-07-28,2047.20410457535,2892.31897645835,2047.20410457535
"40","21","A21-A30-F+","Alsen","A30","YES","A30","NO","2","1","2192857"," two leaves;   youngest fully extended leaf, 4th ""segment"" up from 2nd leaf of tiller (not the leaf near the soil); ","21-2",36.43262,997.16034,31.55,0.0066,0.00037,745.11,140,222.33,0.812,151.505,-2144.5176,2.205,28.49,-3.06,0.43,103.32,327.052,0.129,0.00018,0.702,0.264,0.034,3.57,0.988,0.175,-0.163,"none",0.544,51.383,620,"7/28/2021 10:56",10.9425,-5e-04,-0.3860132,0.056,"Briana K. Whitaker","52:00:13:65",NA,"","2",2021-07-28,2185.94247968357,2924.12383663132,2185.94247968357
"41","21","A21-A30-F+","Alsen","A30","YES","A30","NO","2","1","2192852","two leaves;  youngest fully extended leaf, flag leaf, 5th ""segment"" up from 2nd leaf of tiller (not the leaf near the soil); ","21-4",35.58691,997.13647,32.13,0.0064,0.00043,702.01,130,188.67,0.815,156.227,-32.6466,7.652,28.89,-3.24,0.24,111.75,339.708,0.109,0.00014,0.731,0.242,0.026,3.033,0.823,0.188,-0.01,"none",0.618,45.97,620,"7/28/2021 11:00",11.01583333,-0.0306,-0.0045705,0.067,"Briana K. Whitaker","52:00:13:65",NA,"","4",2021-07-28,2260.63479229105,3061.54340700085,2260.63479229105
"42","22","N22-B-/-F-","Norm","NO","NO","NEG","NEG","2","1","2192859"," two leaves;   youngest fully extended leaf, 3rd ""segment"" up from 2nd leaf of tiller (not the leaf near the soil); ","22-1",35.18457,997.229,32.17,0.0082,0.00043,771.09,150,240.67,0.805,122.554,118.8267,8.95,28.31,-3.86,0.63,92.01,297.19,0.179,0.00023,0.688,0.265,0.047,5.543,0.468,0.404,0.128,"none",0.532,74.332,620,"7/28/2021 11:06",11.11083333,0.0084,0.0273301,0.053,"Briana K. Whitaker","52:00:13:65",NA,"","1",2021-07-28,2145.76273598158,3087.6075400774,2145.76273598158
"43","22","N22-B-/-F-","Norm","NO","NO","NEG","NEG","2","1","2192860"," two leaves;   youngest fully extended leaf, 3rd ""segment"" up from 2nd leaf of tiller (not the leaf near the soil); ","22-2",34.52637,997.19159,31.95,0.0089,0.00042,790.55,152,236.67,0.808,112.907,-703.0332,1.423,27.93,-4.02,0.41,93.7,297.047,0.162,1e-04,0.701,0.258,0.042,4.586,0.644,0.41,-0.055,"none",0.557,69.084,620,"7/28/2021 11:10",11.17111111,-0.0014,-0.0703033,0.047,"Briana K. Whitaker","52:00:13:65",NA,"","2",2021-07-28,2114.08204716952,3080.56824530502,2114.08204716952
"44","22","N22-B-/-F-","Norm","NO","NO","NEG","NEG","2","1","2192853"," two leaves;   youngest fully extended leaf, 4th ""segment"" up from 2nd leaf of tiller (not the leaf near the soil); ","22-3",34.87305,997.16162,31.66,0.0052,0.00032,721.29,142,223,0.803,191.96,-2240.5522,3.154,27.81,-3.85,0.49,96.72,311.047,0.196,2e-04,0.691,0.258,0.051,4.693,0.691,0.408,-0.099,"none",0.548,69.024,620,"7/28/2021 11:12",11.20888889,-4e-04,-0.4481104,0.061,"Briana K. Whitaker","52:00:13:65",NA,"","3",2021-07-28,2098.42352403619,3014.53895620778,2098.42352403619
"45","23","N23-Q16-F+","Norm","Q16","YES","Q16","NO","2","1","2192894"," two leaves;   youngest fully extended leaf, 4th ""segment"" up from 2nd leaf of tiller (not the leaf near the soil); ","23-1",35.1543,996.96686,31.3,0.0071,0.00034,795.55,155,230,0.805,141.754,-7.9468,0.576,26.85,-4.45,0.43,105.07,328.407,0.181,0.00011,0.711,0.245,0.044,4.708,0.483,0.526,-0.009,"none",0.595,71.293,620,"7/28/2021 11:16",11.28138889,-0.1258,-0.0008741,0.048,"Briana K. Whitaker","52:00:13:65",NA,"","1",2021-07-28,1916.03264108465,2941.04051216794,1916.03264108465
"46","23","N23-Q16-F+","Norm","Q16","YES","Q16","NO","2","1","2192888"," two leaves;   youngest fully extended leaf, 4th ""segment"" up from 2nd leaf of tiller (not the leaf near the soil); ","23-2",35.49707,996.98047,31.13,0.0066,0.00035,775.38,160,211.67,0.794,151.547,-430.3747,0.178,26.53,-4.6,0.35,92.78,283.613,0.269,-6e-05,0.727,0.215,0.058,3.617,0.855,0.217,-0.072,"none",0.692,55.034,620,"7/28/2021 11:19",11.32305556,-0.0023,0.0258225,0.053,"Briana K. Whitaker","52:00:13:65",NA,"","2",2021-07-28,1850.69694293739,2897.45334350516,1850.69694293739
"47","23","N23-Q16-F+","Norm","Q16","YES","Q16","NO","2","1","2192883"," two leaves;   youngest fully extended leaf, 4th ""segment"" up from 2nd leaf of tiller (not the leaf near the soil); ","23-4",35.88867,996.93048,31.14,0.0053,3e-04,733.73,140,200.33,0.809,189.864,-6.5514,2.856,26.89,-4.25,0.36,99.31,303.565,0.151,0,0.727,0.237,0.036,3.967,0.79,0.279,-0.069,"none",0.628,57.496,620,"7/28/2021 11:22",11.37888889,-0.1526,0,0.057,"Briana K. Whitaker","52:00:13:65",NA,"","4",2021-07-28,1905.64102910094,2881.49578989495,1905.64102910094
"48","24","A24-B-/-F-","Alsen","NO","NO","NEG","NEG","2","1","2192872","two leaves;  youngest fully extended leaf, flag leaf, 5th ""segment"" up from 2nd leaf of tiller (not the leaf near the soil); ","24-1",36.37109,996.86835,30.93,0.0083,0.00055,768.57,131,230.67,0.83,120.698,-57.6479,2.324,26.99,-3.94,0.34,100.83,320.095,0.003,0.00013,0.7,0.299,0.001,0.981,0.737,-1.06,1.322,"none",0.479,50.989,620,"7/28/2021 11:26",11.43944444,-0.0173,-0.0074942,0.066,"Briana K. Whitaker","52:00:13:65",NA,"","1",2021-07-28,1923.96085271286,2825.94542497743,1923.96085271286
"49","24","A24-B-/-F-","Alsen","NO","NO","NEG","NEG","2","1","2192873"," two leaves;   youngest fully extended leaf, 4th ""segment"" up from 2nd leaf of tiller (not the leaf near the soil); ","24-2",36.30176,996.95312,30.95,0.0072,4e-04,705.28,128,210,0.819,139.607,105.805,3.307,26.99,-3.96,0.46,94.24,298.329,0.082,0.00021,0.702,0.275,0.023,3.738,0.895,0.196,-0.091,"none",0.523,47.584,620,"7/28/2021 11:29",11.48444444,0.0095,0.0222191,0.056,"Briana K. Whitaker","52:00:13:65",NA,"","2",2021-07-28,1925.20837894979,2832.23849506244,1925.20837894979
"50","24","A24-B-/-F-","Alsen","NO","NO","NEG","NEG","2","1","2192890"," two leaves;   youngest fully extended leaf, 4th ""segment"" up from 2nd leaf of tiller (not the leaf near the soil); ","24-3",36.32227,996.9267,30.91,0.0088,0.00044,737.76,142,217.33,0.808,114.018,-23.0806,3.55,26.79,-4.12,0.63,95.3,300.402,0.163,-1e-05,0.705,0.253,0.041,4.784,0.79,0.281,-0.071,"none",0.571,67.548,620,"7/28/2021 11:31",11.52805556,-0.0433,0.0002308,0.05,"Briana K. Whitaker","52:00:13:65",NA,"","3",2021-07-28,1886.77898709286,2824.90394504229,1886.77898709286
"51","25","N25-W14-F+","Norm","W14","YES","W14","NO","2","1","2192885"," two leaves;   youngest fully extended leaf, 4th ""segment"" up from 2nd leaf of tiller (not the leaf near the soil); ","25-1",36.2627,996.73474,31.06,0.0081,0.00052,746.31,148,219.67,0.802,123.562,-23.2401,0.916,26.67,-4.39,0.29,101.02,317.966,0.207,-1e-05,0.706,0.244,0.051,3.195,0.6,0.355,0.045,"none",0.593,61.038,620,"7/28/2021 11:35",11.59305556,-0.043,0.0002324,0.064,"Briana K. Whitaker","52:00:13:65",NA,"","1",2021-07-28,1851.1610825875,2851.71946980393,1851.1610825875
"52","25","N25-W14-F+","Norm","W14","YES","W14","NO","2","1","2192889"," two leaves;   youngest fully extended leaf, 4th ""segment"" up from 2nd leaf of tiller (not the leaf near the soil); ","25-2",35.95996,996.52698,31.14,0.0091,0.00025,751.33,143,222,0.81,109.916,475.2658,1.096,26.61,-4.53,0.44,97.44,307.135,0.147,0.00019,0.705,0.258,0.038,6.687,0.599,0.521,-0.12,"none",0.56,85.311,620,"7/28/2021 11:38",11.63888889,0.0021,0.0903005,0.027,"Briana K. Whitaker","52:00:13:65",NA,"","2",2021-07-28,1845.19356943322,2878.29164743119,1845.19356943322
"53","25","N25-W14-F+","Norm","W14","YES","W14","NO","2","1","2192893"," two leaves;   youngest fully extended leaf, 4th ""segment"" up from 2nd leaf of tiller (not the leaf near the soil); ","25-3",36.28809,996.34576,31.23,0.0053,4e-04,695.26,134,197,0.807,188.596,-35.8021,2.721,27.35,-3.88,0.41,104.64,324.316,0.165,-1e-05,0.717,0.243,0.04,3.338,0.767,0.243,-0.011,"none",0.604,55.043,620,"7/28/2021 11:41",11.68722222,-0.0279,0.000358,0.075,"Briana K. Whitaker","52:00:13:65",NA,"","3",2021-07-28,1975.1833837382,2878.18531009573,1975.1833837382
"54","26","A26-Y11-F+","Alsen","Y11","YES","Y11","NO","2","1","2192874","two leaves;  youngest fully extended leaf, flag leaf, 5th ""segment"" up from 2nd leaf of tiller (not the leaf near the soil); ","26-1",35.71094,996.49396,31.13,0.0077,0.00045,770.56,142,213.33,0.816,129.671,85.0237,3.89,26.85,-4.28,0.31,106.27,326.631,0.102,0.00024,0.723,0.251,0.026,3.132,0.611,0.294,0.095,"none",0.59,55.774,620,"7/28/2021 11:45",11.76388889,0.0118,0.0204057,0.058,"Briana K. Whitaker","52:00:13:65",NA,"","1",2021-07-28,1906.31097784571,2887.84636368927,1906.31097784571
"55","26","A26-Y11-F+","Alsen","Y11","YES","Y11","NO","2","1","2192878","two leaves;  youngest fully extended leaf, flag leaf, 5th ""segment"" up from 2nd leaf of tiller (not the leaf near the soil); ","26-2",35.90332,996.48462,31.01,0.0076,0.00038,727.76,140,223.33,0.808,131.968,71.8464,3.696,27.17,-3.84,0.27,102.19,327.682,0.162,0.00025,0.693,0.264,0.043,3.746,0.934,0.21,-0.144,"none",0.538,61.779,620,"7/28/2021 11:48",11.80305556,0.0139,0.0179616,0.05,"Briana K. Whitaker","52:00:13:65",NA,"","2",2021-07-28,1974.90234054965,2859.67572632586,1974.90234054965
"56","26","A26-Y11-F+","Alsen","Y11","YES","Y11","NO","2","1","2192869"," two leaves;   youngest fully extended leaf, 4th ""segment"" up from 2nd leaf of tiller (not the leaf near the soil); ","26-3",35.87109,996.45471,30.91,0.0068,0.00037,675.24,129,206.67,0.809,147.529,149.4732,3.905,27.25,-3.66,0.37,97.24,311.352,0.152,0.00018,0.694,0.266,0.04,4.621,0.739,0.327,-0.066,"none",0.535,65.294,620,"7/28/2021 11:50",11.84527778,0.0067,0.0269052,0.055,"Briana K. Whitaker","52:00:13:65",NA,"","3",2021-07-28,2002.14156449151,2844.91942238302,2002.14156449151
"57","27","A27-Q16-F+","Alsen","Q16","YES","Q16","NO","2","1","2192895"," two leaves;   youngest fully extended leaf, 4th ""segment"" up from 2nd leaf of tiller (not the leaf near the soil); ","27-1",35.69922,996.32703,31.13,0.0073,0.00042,767.65,146,248.33,0.81,136.655,273.6297,3.247,26.43,-4.7,0.31,101.28,332.459,0.146,0.00027,0.677,0.282,0.041,4.895,0.737,0.343,-0.08,"none",0.491,63.152,620,"7/28/2021 11:54",11.905,0.0037,0.07388,0.057,"Briana K. Whitaker","52:00:13:65",NA,"","1",2021-07-28,1821.45257930987,2888.37282276928,1821.45257930987
"58","27","A27-Q16-F+","Alsen","Q16","YES","Q16","NO","2","1","2192881"," two leaves;   youngest fully extended leaf, 4th ""segment"" up from 2nd leaf of tiller (not the leaf near the soil); ","27-3",35.29199,996.33813,31.4,0.0062,0.00047,689.86,128,202,0.814,161.039,107.4589,2.038,27.21,-4.19,0.22,104.35,327.988,0.112,0.00022,0.707,0.263,0.029,2.905,0.909,0.067,0.025,"none",0.55,46.247,620,"7/28/2021 11:59",11.98555556,0.0093,0.023641,0.076,"Briana K. Whitaker","52:00:13:65",NA,"","3",2021-07-28,1975.35968458639,2951.45308588191,1975.35968458639
"59","28","A28-Y2-F+","Alsen","Y2","YES","Y2","NO","2","2","2192899","two leaves;  youngest fully extended leaf, flag leaf, 5th ""segment"" up from 2nd leaf of tiller (not the leaf near the soil); ","28-2",34.93652,996.26581,31.42,0.0064,0.00039,734.2,144,222,0.804,155.626,-4319.8013,3.864,28.49,-2.93,0.27,94.84,301.947,0.191,0.00019,0.698,0.254,0.048,4.267,0.859,0.249,-0.108,"none",0.563,63.844,620,"7/28/2021 12:18",12.30555556,-2e-04,-0.8207622,0.061,"Briana K. Whitaker","52:00:13:65",NA,"","2",2021-07-28,2266.53307203151,2971.02641683999,2266.53307203151
"60","28","A28-Y2-F+","Alsen","Y2","YES","Y2","NO","2","2","2192884","two leaves;  youngest fully extended leaf, flag leaf, 5th ""segment"" up from 2nd leaf of tiller (not the leaf near the soil); ","28-3",34.91699,996.25647,31.31,0.0057,0.00027,731.57,144,223.67,0.803,175.726,609.4549,3.569,27.81,-3.5,0.32,93.88,300.605,0.196,0.00022,0.694,0.256,0.05,4.256,0.908,0.231,-0.139,"none",0.557,60.715,620,"7/28/2021 12:20",12.34333333,0.0016,0.1340801,0.047,"Briana K. Whitaker","52:00:13:65",NA,"","3",2021-07-28,2128.05913387388,2953.47526494661,2128.05913387388
"61","28","A28-Y2-F+","Alsen","Y2","YES","Y2","NO","2","2","2192876","two leaves;  youngest fully extended leaf, flag leaf, 5th ""segment"" up from 2nd leaf of tiller (not the leaf near the soil); ","28-4",35.10742,996.21625,31.16,0.0063,0.00034,713.55,134,198,0.812,157.762,-171.4132,1.664,27.43,-3.73,0.3,104.08,319.907,0.128,-6e-05,0.723,0.246,0.032,4.611,0.874,0.281,-0.155,"none",0.602,60.13,620,"7/28/2021 12:22",12.38055556,-0.0058,0.0102848,0.054,"Briana K. Whitaker","52:00:13:65",NA,"","4",2021-07-28,2051.69503179885,2919.91747594714,2051.69503179885
"62","29","N29-B-/-F+","Norm","NO","YES","POS","POS","2","2","2192903"," two leaves;   youngest fully extended leaf, 4th ""segment"" up from 2nd leaf of tiller (not the leaf near the soil); ","29-1",35.39746,996.3728,30.93,0.0069,0.00039,724.34,135,210,0.814,145.735,-8.6411,8.468,25.77,-5.16,0.39,100.36,314.109,0.118,0.00013,0.71,0.259,0.031,2.973,0.71,0.228,0.063,"none",0.561,53.131,620,"7/28/2021 12:26",12.44555556,-0.1157,-0.0011233,0.057,"Briana K. Whitaker","52:00:13:65",NA,"","1",2021-07-28,1722.42594771219,2869.18717222912,1722.42594771219
"63","29","N29-B-/-F+","Norm","NO","YES","POS","POS","2","2","2192900"," two leaves;   youngest fully extended leaf, 4th ""segment"" up from 2nd leaf of tiller (not the leaf near the soil); ","29-2",36.04199,996.36615,30.67,0.0066,0.00028,872.94,178,262.33,0.796,151.765,159.5787,5.308,25.95,-4.72,0.7,94.86,301.588,0.25,0.00016,0.699,0.24,0.06,5.782,0.449,0.64,-0.088,"none",0.596,86.074,620,"7/28/2021 12:29",12.49222222,0.0063,0.0255326,0.042,"Briana K. Whitaker","52:00:13:65",NA,"","2",2021-07-28,1752.43779294285,2798.89905237486,1752.43779294285
"64","29","N29-B-/-F+","Norm","NO","YES","POS","POS","2","2","2192906"," two leaves;   youngest fully extended leaf, 4th ""segment"" up from 2nd leaf of tiller (not the leaf near the soil); ","29-3",35.96777,996.36945,30.63,0.0081,0.00029,800.67,166,246.67,0.793,122.894,-1323.4029,2.298,26.15,-4.48,0.49,93.85,301.375,0.276,-5e-05,0.692,0.241,0.067,5.188,0.556,0.537,-0.093,"none",0.587,75.144,620,"7/28/2021 12:31",12.53222222,-8e-04,0.0661701,0.036,"Briana K. Whitaker","52:00:13:65",NA,"","3",2021-07-28,1798.71273701655,2795.77738943115,1798.71273701655
"65","3","N03-Y11-F+","Norm","Y11","YES","Y11","NO","1","1","2189255","one leaf;  youngest fully extended leaf, 4th ""segment"" up from 2nd leaf of tiller (not the leaf near the soil); ","3-3",34.6748,997.19696,31.72,0.0048,0.00039,678.99,134,193.67,0.803,210.343,-91.7972,4.063,27.61,-4.11,0.47,105.55,328.041,0.2,6e-05,0.715,0.238,0.048,2.181,1.188,-0.182,-0.007,"none",0.616,45.944,620,"7/27/2021 10:51",10.86277778,-0.0109,-0.0055078,0.082,"Briana K. Whitaker","52:00:13:65",NA,"","3",2021-07-27,2059.22121181565,3033.97505868828,2059.22121181565
"66","3","N03-Y11-F+","Norm","Y11","YES","Y11","NO","1","1","2189254","one leaf;  youngest fully extended leaf, 4th ""segment"" up from 2nd leaf of tiller (not the leaf near the soil); ","3-2",35.66797,997.19928,31.5,0.0062,0.00038,729.57,134,206.33,0.816,161.281,-764.4382,3.462,27.39,-4.11,0.45,105.4,326.66,0.098,0.00012,0.717,0.258,0.025,2.711,1.021,-0.01,-0.011,"none",0.571,51.559,620,"7/27/2021 10:49",10.82194444,-0.0013,-0.0917326,0.061,"Briana K. Whitaker","52:00:13:65",NA,"","2",2021-07-27,1986.82776459736,2950.94619145562,1986.82776459736
"67","3","N03-Y11-F+","Norm","Y11","YES","Y11","NO","1","1","2189253","one leaf;  youngest fully extended leaf, 4th ""segment"" up from 2nd leaf of tiller (not the leaf near the soil); ","3-1",35.75977,997.22778,31.3,0.0055,0.00031,695.94,134,189.67,0.807,182.454,-237.9559,2.482,27.07,-4.23,0.37,109.7,335.311,0.164,8e-05,0.727,0.234,0.038,2.325,1.148,-0.079,-0.069,"none",0.637,49.209,620,"7/27/2021 10:47",10.78666667,-0.0042,-0.0190365,0.057,"Briana K. Whitaker","52:00:13:65",NA,"","1",2021-07-27,1934.03285351786,2913.57975842633,1934.03285351786
"68","30","N30-Y11-F+","Norm","Y11","YES","Y11","NO","2","2","2192907"," two leaves;   youngest fully extended leaf, 4th ""segment"" up from 2nd leaf of tiller (not the leaf near the soil); ","30-1",36.30762,996.32764,30.43,0.0093,0.00048,774.45,170,255.33,0.78,107.902,22.8619,5.695,25.87,-4.56,0.42,90.42,299.899,0.372,0.00095,0.67,0.24,0.089,3.379,0.583,0.419,-0.002,"none",0.572,65.924,620,"7/28/2021 12:35",12.59222222,0.0437,0.0217188,0.052,"Briana K. Whitaker","52:00:13:65",NA,"","1",2021-07-28,1746.71036943596,2749.44710891759,1746.71036943596
"69","30","N30-Y11-F+","Norm","Y11","YES","Y11","NO","2","2","2192912"," two leaves;   youngest fully extended leaf, 4th ""segment"" up from 2nd leaf of tiller (not the leaf near the soil); ","30-3",36.67285,996.30042,30.26,0.0076,0.00042,778.13,171,242.33,0.78,131.885,-0.1202,4.514,26.11,-4.15,0.36,93.39,301.212,0.374,-7e-04,0.689,0.227,0.085,4.021,0.573,0.465,-0.038,"none",0.623,63.206,620,"7/28/2021 12:38",12.64166667,-8.3167,8.41e-05,0.055,"Briana K. Whitaker","52:00:13:65",NA,"","3",2021-07-28,1793.40947823206,2707.30935744259,1793.40947823206
"70","30","N30-Y11-F+","Norm","Y11","YES","Y11","NO","2","2","2192910"," two leaves;   youngest fully extended leaf, 4th ""segment"" up from 2nd leaf of tiller (not the leaf near the soil); ","30-4",36.65137,996.29889,30.28,0.0055,0.00036,794.13,160,253.33,0.799,183.092,522.4274,1.526,25.91,-4.37,0.35,97.25,317.342,0.231,2e-04,0.681,0.259,0.06,4.77,0.685,0.405,-0.09,"none",0.539,70.649,620,"7/28/2021 12:40",12.68,0.0019,0.1044855,0.066,"Briana K. Whitaker","52:00:13:65",NA,"","4",2021-07-28,1753.17067384879,2711.3197220564,1753.17067384879
"71","31","N31-Y108-F+","Norm","Y108","YES","Y108","NO","2","2","2192911"," two leaves;   youngest fully extended leaf, 4th ""segment"" up from 2nd leaf of tiller (not the leaf near the soil); ","31-2",36.7041,996.24048,30.21,0.0095,0.00039,752.97,165,252,0.781,105.276,-0.3932,2.451,25.63,-4.58,0.4,87.14,291.206,0.369,-2e-04,0.665,0.244,0.09,5.827,0.477,0.565,-0.042,"none",0.558,69.592,620,"7/28/2021 12:45",12.75722222,-2.543,7.86e-05,0.041,"Briana K. Whitaker","52:00:13:65",NA,"","2",2021-07-28,1702.73648415856,2698.26304315928,1702.73648415856
"72","31","N31-Y108-F+","Norm","Y108","YES","Y108","NO","2","2","2192905"," two leaves;   youngest fully extended leaf, 4th ""segment"" up from 2nd leaf of tiller (not the leaf near the soil); ","31-3",37.00977,996.08905,30.33,0.0049,0.00035,817.51,162,228,0.802,205.175,2158.0235,3.36,26.05,-4.28,0.39,95.07,293.015,0.206,-4e-05,0.721,0.231,0.048,4.821,0.662,0.443,-0.105,"none",0.639,73.029,620,"7/28/2021 12:48",12.80694444,5e-04,-0.0863209,0.072,"Briana K. Whitaker","52:00:13:65",NA,"","3",2021-07-28,1760.82238794586,2703.68000800331,1760.82238794586
"73","31","N31-Y108-F+","Norm","Y108","YES","Y108","NO","2","2","2192902"," two leaves;   youngest fully extended leaf, 4th ""segment"" up from 2nd leaf of tiller (not the leaf near the soil); ","31-4",37.0459,996.07562,30.33,0.0064,4e-04,756.41,147,228.33,0.806,156.165,-4e-04,1.415,26.25,-4.08,0.49,96.31,306.62,0.177,0.00019,0.698,0.256,0.045,3.091,0.833,0.175,-0.008,"none",0.558,52.754,620,"7/28/2021 12:50",12.84916667,-2311.5339,-1e-07,0.062,"Briana K. Whitaker","52:00:13:65",NA,"","4",2021-07-28,1798.92356665347,2702.1292284826,1798.92356665347
"74","32","A32-Q22-F+","Alsen","Q22","YES","Q22","NO","2","2","2192929","two leaves;  youngest fully extended leaf, flag leaf, 5th ""segment"" up from 2nd leaf of tiller (not the leaf near the soil); ","32-1",37.25586,996.11823,30.15,0.0064,0.00028,779.16,152,245,0.805,157.43,-1815.8523,3.807,25.91,-4.24,0.44,99.54,322.439,0.183,0.00013,0.686,0.266,0.049,5.396,0.727,0.333,-0.06,"none",0.528,61.129,620,"7/28/2021 12:55",12.93,-6e-04,-0.2360608,0.044,"Briana K. Whitaker","52:00:13:65",NA,"","1",2021-07-28,1739.08638961262,2665.59512111313,1739.08638961262
"75","32","A32-Q22-F+","Alsen","Q22","YES","Q22","NO","2","2","2192927","two leaves;  youngest fully extended leaf, flag leaf, 5th ""segment"" up from 2nd leaf of tiller (not the leaf near the soil); ","32-2",37.49902,996.10529,30.09,0.0088,0.00047,677.43,128,194.33,0.811,114.216,106.9153,5.197,26.43,-3.66,0.22,101.81,317.311,0.137,0.00024,0.713,0.252,0.035,2.997,0.595,0.171,0.234,"none",0.579,45.025,620,"7/28/2021 12:59",12.98944444,0.0094,0.0256597,0.054,"Briana K. Whitaker","52:00:13:65",NA,"","2",2021-07-28,1837.40944561361,2646.18061620491,1837.40944561361
"76","32","A32-Q22-F+","Alsen","Q22","YES","Q22","NO","2","2","2192928","two leaves;  youngest fully extended leaf, flag leaf, 5th ""segment"" up from 2nd leaf of tiller (not the leaf near the soil); ","32-3",36.89551,996.04938,30.38,0.0096,0.00048,681.36,132,217.33,0.806,103.636,70.6644,1.864,26.05,-4.33,0.49,100.35,327.45,0.173,0.00037,0.681,0.272,0.047,3.794,0.732,0.382,-0.114,"none",0.513,50.482,620,"7/28/2021 13:01",13.03111111,0.0142,0.0261458,0.05,"Briana K. Whitaker","52:00:13:65",NA,"","3",2021-07-28,1761.2054533478,2716.31721095433,1761.2054533478
"77","33","A33-W14-F+","Alsen","W14","YES","W14","NO","2","2","2192934","two leaves;  youngest fully extended leaf, flag leaf, 5th ""segment"" up from 2nd leaf of tiller (not the leaf near the soil); ","33-1",37.03125,996.20953,30.29,0.0082,0.00042,778.76,156,238,0.8,122.479,55.2169,1.892,25.63,-4.66,0.26,97.72,312.92,0.222,0.00028,0.694,0.25,0.056,5.637,0.59,0.436,-0.026,"none",0.569,62.276,620,"7/28/2021 13:06",13.115,0.0181,0.0154607,0.051,"Briana K. Whitaker","52:00:13:65",NA,"","1",2021-07-28,1681.56742399111,2696.59877550569,1681.56742399111
"78","33","A33-W14-F+","Alsen","W14","YES","W14","NO","2","2","2192922","two leaves;  youngest fully extended leaf, flag leaf, 5th ""segment"" up from 2nd leaf of tiller (not the leaf near the soil); ","33-3",37.36523,996.10944,30.32,0.0074,0.00041,721.01,143,205.67,0.802,135.183,126.0908,2.073,26.47,-3.85,0.25,97.18,302.034,0.207,0.00025,0.715,0.236,0.049,2.462,0.708,0.343,-0.051,"none",0.62,39.639,620,"7/28/2021 13:10",13.16861111,0.0079,0.0315227,0.055,"Briana K. Whitaker","52:00:13:65",NA,"","3",2021-07-28,1830.22066383314,2686.89009019446,1830.22066383314
"79","33","A33-W14-F+","Alsen","W14","YES","W14","NO","2","2","2192918"," two leaves;   youngest fully extended leaf, 4th ""segment"" up from 2nd leaf of tiller (not the leaf near the soil); ","33-4",36.9375,995.98706,30.31,0.0093,0.00048,714.55,144,216,0.798,107.133,-14.5558,2.491,26.47,-3.84,0.34,101.44,322.952,0.232,2e-04,0.698,0.245,0.057,4.178,0.684,0.355,-0.039,"none",0.583,52.325,620,"7/28/2021 13:12",13.21333333,-0.0687,-0.0029112,0.051,"Briana K. Whitaker","52:00:13:65",NA,"likely 33.4 (originally noted as 33.3)","4",2021-07-28,1849.47279485825,2703.69625001279,1849.47279485825
"80","34","N34-Q22-F+","Norm","Q22","YES","Q22","NO","2","2","2192935"," two leaves;   youngest fully extended leaf, 4th ""segment"" up from 2nd leaf of tiller (not the leaf near the soil); ","34-1",36.6123,995.90729,30.4,0.0068,4e-04,859.72,176,259.67,0.795,147.081,143.5555,3.134,26.29,-4.11,0.37,101.28,322.46,0.256,2e-04,0.698,0.24,0.062,4.726,0.718,0.439,-0.157,"none",0.595,83.012,620,"7/28/2021 13:16",13.28027778,0.007,0.0287111,0.059,"Briana K. Whitaker","52:00:13:65",NA,"","1",2021-07-28,1819.2296848571,2731.62035625155,1819.2296848571
"81","34","N34-Q22-F+","Norm","Q22","YES","Q22","NO","2","2","2192932"," two leaves;   youngest fully extended leaf, 4th ""segment"" up from 2nd leaf of tiller (not the leaf near the soil); ","34-2",36.73633,995.86639,30.31,0.0071,3e-04,843.54,164,226.67,0.806,141.067,-805.5491,2.945,26.19,-4.12,0.37,94.36,286.863,0.178,-0.00015,0.731,0.228,0.041,5.425,0.669,0.397,-0.066,"none",0.657,78.933,620,"7/28/2021 13:19",13.32833333,-0.0012,0.1208324,0.042,"Briana K. Whitaker","52:00:13:65",NA,"","2",2021-07-28,1802.07024698169,2712.32106784613,1802.07024698169
"82","35","A35-B-/-F+","Alsen","NO","YES","POS","POS","2","2","2192925","two leaves;  youngest fully extended leaf, flag leaf, 5th ""segment"" up from 2nd leaf of tiller (not the leaf near the soil); ","35-1",36.45898,996.07892,30.25,0.0079,0.00033,760.68,136,225.67,0.821,126.553,557.2529,1.438,26.19,-4.06,0.29,90.69,286.676,0.062,2e-04,0.703,0.279,0.017,4.937,0.461,0.549,-0.01,"none",0.516,60.117,620,"7/28/2021 13:28",13.48166667,0.0018,0.1114506,0.042,"Briana K. Whitaker","52:00:13:65",NA,"","1",2021-07-28,1819.30252986465,2714.90297229569,1819.30252986465
"83","35","A35-B-/-F+","Alsen","NO","YES","POS","POS","2","2","2192916","two leaves;  youngest fully extended leaf, flag leaf, 5th ""segment"" up from 2nd leaf of tiller (not the leaf near the soil); ","35-2",36.65332,996.01923,30.31,0.0084,0.00054,676.83,130,212,0.808,118.482,96.7435,3.833,26.29,-4.02,0.43,101.57,328.548,0.16,0.00033,0.687,0.27,0.043,3.699,0.826,0.235,-0.062,"none",0.521,49.66,620,"7/28/2021 13:31",13.52555556,0.0103,0.0319254,0.064,"Briana K. Whitaker","52:00:13:65",NA,"","2",2021-07-28,1825.54676565855,2715.87997885844,1825.54676565855
"84","35","A35-B-/-F+","Alsen","NO","YES","POS","POS","2","2","2192921","two leaves;  youngest fully extended leaf, flag leaf, 5th ""segment"" up from 2nd leaf of tiller (not the leaf near the soil); ","35-3",36.45996,995.88867,30.26,0.0074,0.00041,783.02,155,233.67,0.802,135.39,-0.1948,3.075,26.29,-3.97,0.35,95.67,302.836,0.204,-0.00046,0.702,0.248,0.051,4.641,0.783,0.295,-0.078,"none",0.58,61.294,620,"7/28/2021 13:33",13.56583333,-5.1325,8.96e-05,0.056,"Briana K. Whitaker","52:00:13:65",NA,"","3",2021-07-28,1838.28911528152,2716.41065268651,1838.28911528152
"85","36","A36-Y108-F+","Alsen","Y108","YES","Y108","NO","2","2","2192923","two leaves;  youngest fully extended leaf, flag leaf, 5th ""segment"" up from 2nd leaf of tiller (not the leaf near the soil); ","36-1",36.66309,995.84595,30.29,0.0085,0.00036,774.63,141,238,0.818,117.715,709.3547,3.86,25.57,-4.72,0.4,103.33,331.352,0.086,0.00023,0.693,0.283,0.024,6.17,0.697,0.369,-0.066,"none",0.502,62.847,620,"7/28/2021 13:37",13.61805556,0.0014,0.1631516,0.042,"Briana K. Whitaker","52:00:13:65",NA,"","1",2021-07-28,1685.7696689957,2712.36500566256,1685.7696689957
"86","36","A36-Y108-F+","Alsen","Y108","YES","Y108","NO","2","2","2192933","two leaves;  youngest fully extended leaf, flag leaf, 5th ""segment"" up from 2nd leaf of tiller (not the leaf near the soil); ","36-2",36.77637,995.8714,30.08,0.0075,0.00043,779.86,147,225,0.812,133.933,-176.619,4.86,25.71,-4.37,0.37,103.81,324.471,0.134,-4e-05,0.711,0.255,0.034,6.605,0.516,0.472,0.012,"none",0.573,63.129,620,"7/28/2021 13:39",13.66333333,-0.0057,0.0070648,0.058,"Briana K. Whitaker","52:00:13:65",NA,"","2",2021-07-28,1726.72578859823,2675.24745718935,1726.72578859823
"87","36","A36-Y108-F+","Alsen","Y108","YES","Y108","NO","2","2","2192917","two leaves;  youngest fully extended leaf, flag leaf, 5th ""segment"" up from 2nd leaf of tiller (not the leaf near the soil); ","36-3",36.80371,995.8421,30.11,0.0097,0.00049,722.35,135,213.33,0.813,103.098,91.3638,3.608,25.63,-4.48,0.43,97.37,306.931,0.122,0.00033,0.705,0.263,0.032,3.532,0.702,0.339,-0.041,"none",0.548,48.132,620,"7/28/2021 13:43",13.71972222,0.0109,0.0301501,0.051,"Briana K. Whitaker","52:00:13:65",NA,"","3",2021-07-28,1707.4232933029,2678.67752038855,1707.4232933029
"88","37","N37-W14-F+","Norm","W14","YES","W14","NO","3","2","2196372"," two leaves;   youngest fully extended leaf, 4th ""segment"" up from 2nd leaf of tiller (not the leaf near the soil); ","37-1",46.4082,993.19861,26.37,0.0077,3e-04,892.91,187,296,0.791,129.041,76.8666,2.123,24.47,-1.9,0.39,93.49,310.551,0.293,0.00025,0.669,0.256,0.075,6.731,0.546,0.527,-0.074,"none",0.534,84.695,620,"7/29/2021 10:33",10.56611111,0.013,0.0192167,0.039,"Briana K. Whitaker","52:00:13:65",NA,"","1",2021-07-29,1466.15664288414,1829.08949908774,1466.15664288414
"89","37","N37-W14-F+","Norm","W14","YES","W14","NO","3","2","2196370"," two leaves;   youngest fully extended leaf, 4th ""segment"" up from 2nd leaf of tiller (not the leaf near the soil); ","37-2",45.96777,993.57642,26.88,0.008,0.00032,806.8,148,232.33,0.817,125.459,129.5564,2.977,25.15,-1.73,0.58,103.91,324.299,0.096,0.00016,0.712,0.263,0.025,4.572,0.742,0.29,-0.032,"none",0.555,64.987,620,"7/29/2021 10:38",10.63388889,0.0077,0.020729,0.04,"Briana K. Whitaker","52:00:13:65",NA,"","2",2021-07-29,1559.38563669904,1900.10039334618,1559.38563669904
"90","37","N37-W14-F+","Norm","W14","YES","W14","NO","3","2","2196366"," two leaves;   youngest fully extended leaf, 4th ""segment"" up from 2nd leaf of tiller (not the leaf near the soil); ","37-3",44.26367,993.64752,27.43,0.007,0.00033,817.61,162,270,0.802,143.513,178.5662,6.737,25.87,-1.56,0.46,88.51,293.551,0.206,2e-04,0.67,0.274,0.056,5.355,0.597,0.463,-0.059,"none",0.501,71.43,620,"7/29/2021 10:42",10.70583333,0.0056,0.0357132,0.047,"Briana K. Whitaker","52:00:13:65",NA,"","3",2021-07-29,1706.63470008188,2024.00597983998,1706.63470008188
"91","38","N38-B-/-F-","Norm","NO","NO","NEG","NEG","3","2","2196375"," two leaves;   youngest fully extended leaf, 4th ""segment"" up from 2nd leaf of tiller (not the leaf near the soil); ","38-1",42.51758,993.51202,28.86,0.0063,0.00035,832.45,181,269.33,0.783,159.809,229.8575,2.31,27.07,-1.79,0.45,92.21,303.117,0.356,0.00021,0.676,0.239,0.085,6.033,0.642,0.498,-0.14,"none",0.581,92.505,620,"7/29/2021 10:52",10.86722222,0.0044,0.0482701,0.056,"Briana K. Whitaker","52:00:13:65",NA,"","1",2021-07-29,1878.47442144865,2267.82247975278,1878.47442144865
"92","38","N38-B-/-F-","Norm","NO","NO","NEG","NEG","3","2","2196364"," two leaves;   youngest fully extended leaf, 4th ""segment"" up from 2nd leaf of tiller (not the leaf near the soil); ","38-3",40.90918,993.46466,29.33,0.0073,0.00036,809.22,172,258.67,0.787,136.167,-947.9728,2.977,27.29,-2.04,0.28,91.6,299.361,0.317,0.00013,0.68,0.243,0.077,3.299,0.715,0.333,-0.049,"none",0.575,65.408,620,"7/29/2021 10:56",10.93555556,-0.0011,-0.1232365,0.049,"Briana K. Whitaker","52:00:13:65",NA,"","3",2021-07-29,1943.64635951357,2395.20334031692,1943.64635951357
"93","38","N38-B-/-F-","Norm","NO","NO","NEG","NEG","3","2","2196373"," two leaves;   youngest fully extended leaf, 4th ""segment"" up from 2nd leaf of tiller (not the leaf near the soil); ","38-4",40.2627,993.46094,29.5,0.0045,3e-04,784.36,157,210,0.8,222.968,-1329.0983,4.896,26.67,-2.83,0.33,103.52,314.283,0.221,-0.00011,0.732,0.219,0.049,5.402,0.707,0.374,-0.081,"none",0.684,72.8,620,"7/29/2021 10:58",10.97722222,-8e-04,0.1462008,0.067,"Briana K. Whitaker","52:00:13:65",NA,"","4",2021-07-29,1825.59063886131,2445.15960650375,1825.59063886131
"94","39","N39-Y2-F+","Norm","Y2","YES","Y2","NO","3","2","2196361"," two leaves;   youngest fully extended leaf, 4th ""segment"" up from 2nd leaf of tiller (not the leaf near the soil); ","39-1",39.53613,992.8363,29.97,0.0113,0.00041,720.25,159,250.67,0.779,88.737,160.5953,1.644,26.67,-3.3,0.42,91.89,313.176,0.382,0.00031,0.652,0.252,0.096,5.707,0.428,0.605,-0.033,"none",0.531,69.864,620,"7/29/2021 11:02",11.04888889,0.0062,0.0497845,0.036,"Briana K. Whitaker","52:00:13:65",NA,"","1",2021-07-29,1811.17026014599,2542.43516272244,1811.17026014599
"95","39","N39-Y2-F+","Norm","Y2","YES","Y2","NO","3","2","2196374"," two leaves;   youngest fully extended leaf, 4th ""segment"" up from 2nd leaf of tiller (not the leaf near the soil); ","39-2",39.38672,992.70972,30.3,0.0092,4e-04,721.96,149,240.67,0.794,108.475,230.4976,1.433,27.29,-3.01,0.32,92.39,307.804,0.269,0.00024,0.667,0.263,0.071,5.85,0.472,0.529,0,"none",0.52,72.399,620,"7/29/2021 11:06",11.11111111,0.0043,0.0553194,0.043,"Briana K. Whitaker","52:00:13:65",NA,"","2",2021-07-29,1914.19518458285,2597.20830567928,1914.19518458285
"96","39","N39-Y2-F+","Norm","Y2","YES","Y2","NO","3","2","2196367"," two leaves;   youngest fully extended leaf, 4th ""segment"" up from 2nd leaf of tiller (not the leaf near the soil); ","39-3",38.00879,992.80109,30.65,0.0126,0.00042,778.99,159,242,0.796,79.611,54.6192,1.305,27.35,-3.3,0.34,88.75,286.241,0.252,0.00023,0.689,0.248,0.062,5.703,0.624,0.473,-0.097,"none",0.569,75.593,620,"7/29/2021 11:09",11.16277778,0.0183,0.0125624,0.033,"Briana K. Whitaker","52:00:13:65",NA,"","3",2021-07-29,1953.06711086435,2709.74408561911,1953.06711086435
"97","4","A04-A30-F+","Alsen","A30","YES","A30","NO","1","1","2189259"," two leaves;   youngest fully extended leaf, 4th ""segment"" up from 2nd leaf of tiller (not the leaf near the soil); ","4-3",32.9502,997.37872,32.69,0.0076,0.00052,753.5,148,215.67,0.804,131.819,92.1398,3.791,28.93,-3.76,0.29,106.14,330.352,0.193,0.00029,0.714,0.24,0.046,3.49,0.314,0.562,0.123,"none",0.61,46.588,620,"7/27/2021 11:05",11.09638889,0.0109,0.0267205,0.069,"Briana K. Whitaker","52:00:13:65",NA,"","3",2021-07-27,2345.04651694514,3288.67604540715,2345.04651694514
"98","4","A04-A30-F+","Alsen","A30","YES","A30","NO","1","1","2189258","one leaf;  youngest fully extended leaf, flag leaf, 5th ""segment"" up from 2nd leaf of tiller (not the leaf near the soil); ","4-2",33.63379,997.40118,32.59,0.0042,0.00025,657.92,122,173.33,0.815,237.097,0,2.547,28.85,-3.74,0.42,84.98,256.242,0.111,55.78021,0.737,0.237,0.026,1.921,1.41,-0.416,0.005,"none",0.636,37.33,620,"7/27/2021 11:01",11.02944444,6251795.316,0,0.059,"Briana K. Whitaker","52:00:13:65",NA,"likely4.2 (mistakenly typed as 5.2,)' measurement looks wonky - PAR lower and gH+, tP700, kP700, v_initial_p700 are off","2",2021-07-27,2302.51451766482,3236.94976304086,2302.51451766482
"99","4","A04-A30-F+","Alsen","A30","YES","A30","NO","1","1","2189257"," two leaves;   youngest fully extended leaf, flag leaf, 5th ""segment"" up from 2nd leaf of tiller (not the leaf near the soil); ","4-1",33.98242,997.30627,32.31,0.0054,0.00039,674.4,136,209,0.798,185.96,344.4018,1.864,28.81,-3.5,0.29,111.16,358.001,0.233,0.00024,0.69,0.251,0.058,3.394,0.925,0.106,-0.032,"none",0.562,52.357,620,"7/27/2021 10:58",10.97194444,0.0029,0.0826564,0.073,"Briana K. Whitaker","52:00:13:65",NA,"","1",2021-07-27,2302.27491042722,3169.7273384319,2302.27491042722
"100","40","A40-A30-F+","Alsen","A30","YES","A30","NO","3","2","2196368","two leaves;  youngest fully extended leaf, flag leaf, 5th ""segment"" up from 2nd leaf of tiller (not the leaf near the soil); ","40-1",37.52539,992.69342,30.69,0.0091,0.00031,816.77,152,219.33,0.814,109.471,-259.0888,4.456,25.95,-4.74,0.54,102.19,310.659,0.116,-1e-04,0.731,0.241,0.028,6.672,0.611,0.46,-0.072,"none",0.623,72.603,620,"7/29/2021 11:13",11.2225,-0.0039,0.0259089,0.034,"Briana K. Whitaker","52:00:13:65",NA,"","1",2021-07-29,1685.65276957067,2737.09519084572,1685.65276957067
"101","40","A40-A30-F+","Alsen","A30","YES","A30","NO","3","2","2196360","two leaves;  youngest fully extended leaf, flag leaf, 5th ""segment"" up from 2nd leaf of tiller (not the leaf near the soil); ","40-2",37.60059,992.55804,30.59,0.0098,0.00033,758.93,155,234,0.796,101.641,60.793,4.493,26.47,-4.12,0.33,102.23,328.301,0.252,0.00035,0.692,0.246,0.062,5.006,0.639,0.377,-0.016,"none",0.576,60.146,620,"7/29/2021 11:15",11.26138889,0.0164,0.0212776,0.034,"Briana K. Whitaker","52:00:13:65",NA,"","2",2021-07-29,1795.11930825122,2718.29020028443,1795.11930825122
"102","40","A40-A30-F+","Alsen","A30","YES","A30","NO","3","2","2196365","two leaves;  youngest fully extended leaf, flag leaf, 5th ""segment"" up from 2nd leaf of tiller (not the leaf near the soil); ","40-3",37.76953,992.67126,30.49,0.006,0.00037,758.4,144,212.33,0.81,167.791,156.0721,0.254,26.43,-4.06,0.31,102.32,315.788,0.144,0.00018,0.72,0.245,0.035,3.707,0.945,0.164,-0.109,"none",0.603,50.932,620,"7/29/2021 11:18",11.30055556,0.0064,0.028093,0.062,"Briana K. Whitaker","52:00:13:65",NA,"","3",2021-07-29,1789.04854003426,2695.53867102882,1789.04854003426
"103","41","A41-B-/-F+","Alsen","NO","YES","POS","POS","3","2","2196371","two leaves;  youngest fully extended leaf, flag leaf, 5th ""segment"" up from 2nd leaf of tiller (not the leaf near the soil); ","41-1",37.67773,993.11304,30.52,0.0061,0.00038,814.86,158,244.33,0.806,163.446,1471.1489,0.591,25.95,-4.57,0.35,99.98,317.388,0.174,0.00019,0.7,0.255,0.044,4.222,0.896,0.213,-0.108,"none",0.562,63.846,620,"7/29/2021 11:21",11.35305556,7e-04,0.2795183,0.062,"Briana K. Whitaker","52:00:13:65",NA,"","1",2021-07-29,1694.87222929703,2704.1314395291,1694.87222929703
"104","41","A41-B-/-F+","Alsen","NO","YES","POS","POS","3","2","2196390","two leaves;  youngest fully extended leaf, flag leaf, 5th ""segment"" up from 2nd leaf of tiller (not the leaf near the soil); ","41-3",37.43066,992.88525,30.55,0.0053,3e-04,701.94,128,189,0.818,189.11,-133.4299,1.299,26.47,-4.08,0.24,106.69,324.332,0.088,-5e-05,0.731,0.247,0.022,3.242,1.067,0.006,-0.074,"none",0.605,44.616,620,"7/29/2021 11:26",11.44166667,-0.0075,0.0066715,0.057,"Briana K. Whitaker","52:00:13:65",NA,"","3",2021-07-29,1806.23065571697,2719.49328394988,1806.23065571697
"105","42","A42-Q16-F+","Alsen","Q16","YES","Q16","NO","3","2","2196393","two leaves;  youngest fully extended leaf, flag leaf, 5th ""segment"" up from 2nd leaf of tiller (not the leaf near the soil); ","42-1",37.21484,992.6947,30.66,0.0072,0.00044,797.94,170,245.67,0.787,139.604,-58.6605,3.22,26.25,-4.41,0.36,103.75,333.158,0.321,-3e-05,0.692,0.233,0.075,4.665,0.688,0.314,-0.002,"none",0.609,62.78,620,"7/29/2021 11:29",11.495,-0.017,0.0017598,0.061,"Briana K. Whitaker","52:00:13:65",NA,"NOTE - there was a dud plant  in this pot that shriveled, I pulled it out","1",2021-07-29,1761.36415135996,2746.01081036341,1761.36415135996
"106","42","A42-Q16-F+","Alsen","Q16","YES","Q16","NO","3","2","2196385","two leaves;  youngest fully extended leaf, flag leaf, 5th ""segment"" up from 2nd leaf of tiller (not the leaf near the soil); ","42-3",37.42871,992.33069,30.52,0.0057,3e-04,738.84,147,209.67,0.801,176.006,130.5759,2.752,26.89,-3.63,0.36,105.75,328.215,0.212,0.00019,0.716,0.234,0.05,5.138,0.807,0.313,-0.12,"none",0.627,51.694,620,"7/29/2021 11:34",11.56777778,0.0077,0.0248094,0.053,"Briana K. Whitaker","52:00:13:65",NA,"NOTE - there was a dud plant  in this pot that shriveled, I pulled it out","3",2021-07-29,1894.65145961361,2714.93629004356,1894.65145961361
"107","42","A42-Q16-F+","Alsen","Q16","YES","Q16","NO","3","2","2196381"," two leaves;   youngest fully extended leaf, 4th ""segment"" up from 2nd leaf of tiller (not the leaf near the soil); ","42-4",37.58594,992.34595,30.56,0.009,0.00046,777.05,149,239,0.808,111.362,138.6211,4.562,26.75,-3.81,0.59,106.49,341.979,0.158,3e-04,0.692,0.266,0.042,5.335,0.589,0.382,0.029,"none",0.534,72.874,620,"7/29/2021 11:37",11.61777778,0.0072,0.0415863,0.051,"Briana K. Whitaker","52:00:13:65",NA,"NOTE - there was a dud plant  in this pot that shriveled, I pulled it out","4",2021-07-29,1855.38683668419,2714.28913485674,1855.38683668419
"108","43","A43-Y11-F+","Alsen","Y11","YES","Y11","NO","3","2","2196391","two leaves;  youngest fully extended leaf, flag leaf, 5th ""segment"" up from 2nd leaf of tiller (not the leaf near the soil); ","43-1",36.97852,992.03229,30.68,0.0055,0.00027,788.76,157,235.33,0.801,181.143,549.2431,1.933,26.53,-4.15,0.47,101.32,320.732,0.213,0.00023,0.702,0.246,0.052,4.977,0.643,0.395,-0.039,"none",0.584,64.7,620,"7/29/2021 11:41",11.69888889,0.0018,0.1263259,0.049,"Briana K. Whitaker","52:00:13:65",NA,"","1",2021-07-29,1826.05867102763,2759.4842989418,1826.05867102763
"109","43","A43-Y11-F+","Alsen","Y11","YES","Y11","NO","3","2","2196382","two leaves;  youngest fully extended leaf, flag leaf, 5th ""segment"" up from 2nd leaf of tiller (not the leaf near the soil); ","43-2",36.18848,991.81329,30.72,0.0064,0.00025,745.56,148,225,0.801,155.621,725.6854,3.936,26.43,-4.29,0.27,103.87,330.687,0.209,0.00016,0.698,0.25,0.052,4.484,0.932,0.203,-0.135,"none",0.573,58.114,620,"7/29/2021 11:44",11.74027778,0.0014,0.1161097,0.039,"Briana K. Whitaker","52:00:13:65",NA,"","2",2021-07-29,1836.8790621623,2800.44071344793,1836.8790621623
"110","43","A43-Y11-F+","Alsen","Y11","YES","Y11","NO","3","2","2196384","two leaves;  youngest fully extended leaf, flag leaf, 5th ""segment"" up from 2nd leaf of tiller (not the leaf near the soil); ","43-3",36.55273,992.08514,30.54,0.006,0.00041,705.81,140,216,0.802,165.724,-1774.6725,1.143,27.21,-3.33,0.31,98.19,314.411,0.207,0.00027,0.694,0.253,0.053,3.646,0.707,0.292,0.001,"none",0.561,53.189,620,"7/29/2021 11:47",11.79305556,-6e-04,-0.4791616,0.068,"Briana K. Whitaker","52:00:13:65",NA,"","3",2021-07-29,1997.28164637119,2756.08165859304,1997.28164637119
"111","44","N44-B-/-F+","Norm","NO","YES","POS","POS","3","2","2196380"," two leaves;   youngest fully extended leaf, 4th ""segment"" up from 2nd leaf of tiller (not the leaf near the soil); ","44-1",36.61523,992.63904,30.58,0.0073,0.00031,826.43,176,276.67,0.787,137.702,587.3581,5.113,25.67,-4.91,0.33,101.6,339.525,0.32,0.00025,0.665,0.254,0.081,5.597,0.582,0.478,-0.06,"none",0.538,82.718,620,"7/29/2021 11:51",11.85527778,0.0017,0.1468395,0.043,"Briana K. Whitaker","52:00:13:65",NA,"","1",2021-07-29,1680.98495979204,2759.64394817262,1680.98495979204
"112","44","N44-B-/-F+","Norm","NO","YES","POS","POS","3","2","2196376"," two leaves;   youngest fully extended leaf, 4th ""segment"" up from 2nd leaf of tiller (not the leaf near the soil); ","44-2",38.14062,993.21564,30.39,0.0058,0.00031,785.52,152,231.67,0.806,171.985,-54970.083,0.176,26.11,-4.28,0.46,102.14,321.951,0.171,0.00018,0.705,0.252,0.043,4.561,0.649,0.44,-0.089,"none",0.574,70.021,620,"7/29/2021 11:54",11.90138889,0,-9.8946149,0.053,"Briana K. Whitaker","52:00:13:65",NA,"","2",2021-07-29,1718.52675821782,2664.24008053417,1718.52675821782
"113","44","N44-B-/-F+","Norm","NO","YES","POS","POS","3","2","2196383"," two leaves;   youngest fully extended leaf, 4th ""segment"" up from 2nd leaf of tiller (not the leaf near the soil); ","44-3",37.53516,993.30798,30.38,0.0054,0.00034,822.43,165,256,0.799,183.489,4175.1663,0.588,26.01,-4.37,0.39,101.63,327.774,0.225,0.00012,0.689,0.254,0.057,4.542,0.749,0.332,-0.081,"none",0.555,72.419,620,"7/29/2021 11:56",11.93972222,2e-04,0.50102,0.062,"Briana K. Whitaker","52:00:13:65",NA,"","3",2021-07-29,1725.79018996109,2688.78363443724,1725.79018996109
"114","45","A45-Q22-F+","Alsen","Q22","YES","Q22","NO","3","2","2196386","two leaves;  youngest fully extended leaf, flag leaf, 5th ""segment"" up from 2nd leaf of tiller (not the leaf near the soil); ","45-1",37.29297,993.14154,30.31,0.0084,0.00056,753.12,167,255,0.778,118.576,-53.1704,11.349,25.77,-4.54,0.27,100.87,339.102,0.39,0.00015,0.661,0.244,0.095,5.085,0.451,0.489,0.06,"none",0.557,61.816,620,"7/29/2021 12:00",12.00416667,-0.0188,-0.0079756,0.066,"Briana K. Whitaker","52:00:13:65",NA,"","1",2021-07-29,1695.6583971389,2688.45608500201,1695.6583971389
"115","45","A45-Q22-F+","Alsen","Q22","YES","Q22","NO","3","2","2196392","two leaves;  youngest fully extended leaf, flag leaf, 5th ""segment"" up from 2nd leaf of tiller (not the leaf near the soil); ","45-3",37.43359,993.17828,30.29,0.0117,5e-04,725.6,151,252.67,0.792,85.732,76.1991,3.863,26.01,-4.28,0.25,96.95,330.424,0.282,0.00038,0.652,0.272,0.077,4.251,0.557,0.375,0.068,"none",0.492,60.67,620,"7/29/2021 12:02",12.04166667,0.0131,0.0289557,0.043,"Briana K. Whitaker","52:00:13:65",NA,"likely 45.3 (originally noted as 45.2)","3",2021-07-29,1738.41096097731,2679.36880744476,1738.41096097731
"116","45","A45-Q22-F+","Alsen","Q22","YES","Q22","NO","3","2","2196387","two leaves;  youngest fully extended leaf, flag leaf, 5th ""segment"" up from 2nd leaf of tiller (not the leaf near the soil); ","45-5",37.29395,993.35956,30.32,0.0071,4e-04,742.77,144,215.33,0.806,140.958,-551.9402,6.981,26.85,-3.47,0.28,109.53,342.83,0.174,-4e-05,0.71,0.247,0.043,4.01,0.879,0.201,-0.08,"none",0.589,54.701,620,"7/29/2021 12:06",12.10194444,-0.0018,0.0220776,0.056,"Briana K. Whitaker","52:00:13:65",NA,"","5",2021-07-29,1910.61010893018,2689.94784111506,1910.61010893018
"117","46","N46-Q16-F+","Norm","Q16","YES","Q16","NO","3","2","2196389"," two leaves;   youngest fully extended leaf, 4th ""segment"" up from 2nd leaf of tiller (not the leaf near the soil); ","46-2",37.48438,993.2276,30.62,0.0096,0.00037,787.39,160,256.33,0.797,103.925,75.0063,0.931,27.07,-3.55,0.36,97.26,320.662,0.245,0.00031,0.674,0.262,0.064,4.419,0.59,0.406,0.004,"none",0.528,66.221,620,"7/29/2021 12:11",12.19527778,0.0133,0.023252,0.038,"Briana K. Whitaker","52:00:13:65",NA,"","2",2021-07-29,1920.18402976631,2728.00633969278,1920.18402976631
"118","46","N46-Q16-F+","Norm","Q16","YES","Q16","NO","3","2","2196394"," two leaves;   youngest fully extended leaf, 4th ""segment"" up from 2nd leaf of tiller (not the leaf near the soil); ","46-3",37.23926,993.1803,30.81,0.005,0.00033,792.67,158,243.67,0.801,198.87,-2006.8517,1.871,27.17,-3.64,0.42,93.98,301.363,0.215,0.00019,0.693,0.253,0.054,5.16,0.702,0.421,-0.123,"none",0.561,68.977,620,"7/29/2021 12:14",12.23972222,-5e-04,-0.3813018,0.066,"Briana K. Whitaker","52:00:13:65",NA,"","3",2021-07-29,1934.06082786741,2768.45324646341,1934.06082786741
"119","46","N46-Q16-F+","Norm","Q16","YES","Q16","NO","3","2","2196377"," two leaves;   youngest fully extended leaf, 4th ""segment"" up from 2nd leaf of tiller (not the leaf near the soil); ","46-5",36.73438,993.11127,31.02,0.0084,0.00027,778.28,164,230.33,0.789,118.607,-286.7919,4.357,27.21,-3.81,0.37,107.28,338.646,0.303,-0.00013,0.704,0.227,0.069,5.945,0.583,0.493,-0.076,"none",0.635,82.341,620,"7/29/2021 12:16",12.28111111,-0.0035,0.0372829,0.032,"Briana K. Whitaker","52:00:13:65",NA,"","5",2021-07-29,1945.25733702092,2824.19991683098,1945.25733702092
"120","47","A47-W14-F+","Alsen","W14","YES","W14","NO","3","2","2196378","two leaves;  youngest fully extended leaf, flag leaf, 5th ""segment"" up from 2nd leaf of tiller (not the leaf near the soil); ","47-1",36.17871,992.89874,31.2,0.0061,0.00038,716.35,139,204.33,0.806,162.853,-47472.2568,3.933,26.99,-4.21,0.25,100.65,312.834,0.175,2e-04,0.715,0.243,0.042,2.673,0.834,0.161,0.006,"none",0.603,46.98,620,"7/29/2021 12:20",12.3475,0,-9.4944514,0.062,"Briana K. Whitaker","52:00:13:65",NA,"","1",2021-07-29,1907.7093997987,2878.23043912893,1907.7093997987
"121","47","A47-W14-F+","Alsen","W14","YES","W14","NO","3","2","2196379","two leaves;  youngest fully extended leaf, flag leaf, 5th ""segment"" up from 2nd leaf of tiller (not the leaf near the soil); ","47-2",35.90527,992.89392,31.34,0.0065,0.00032,775.43,147,224,0.81,153.812,155.5022,3.37,27.49,-3.85,0.35,102.1,319.101,0.142,0.00021,0.711,0.253,0.036,5.642,0.724,0.342,-0.067,"none",0.576,70.45,620,"7/29/2021 12:23",12.39194444,0.0064,0.0326555,0.049,"Briana K. Whitaker","52:00:13:65",NA,"","2",2021-07-29,2011.95687715965,2913.57077235845,2011.95687715965
"122","47","A47-W14-F+","Alsen","W14","YES","W14","NO","3","2","2196412","two leaves;  youngest fully extended leaf, flag leaf, 5th ""segment"" up from 2nd leaf of tiller (not the leaf near the soil); ","47-3",35.97949,993.35553,31.38,0.0053,0.00036,689.97,124,196.67,0.82,189.097,827.011,3.36,27.21,-4.17,0.22,103.25,320.904,0.069,0.00021,0.715,0.267,0.018,2.57,1.048,0.008,-0.056,"none",0.55,40.498,620,"7/29/2021 12:26",12.43527778,0.0012,0.1736723,0.068,"Briana K. Whitaker","52:00:13:65",NA,"","3",2021-07-29,1945.85757267659,2916.79235161685,1945.85757267659
"123","48","N48-Q22-F+","Norm","Q22","YES","Q22","NO","3","2","2196339"," two leaves;   youngest fully extended leaf, 4th ""segment"" up from 2nd leaf of tiller (not the leaf near the soil); ","48-2",36.79785,993.12872,30.34,0.0057,0.00037,846.71,173,263.33,0.796,174.541,455.2007,4.996,26.47,-3.87,0.31,96.74,312.023,0.253,0.00022,0.689,0.248,0.063,3.324,0.969,0.224,-0.193,"none",0.569,69.022,620,"7/29/2021 12:42",12.715,0.0022,0.1001442,0.065,"Briana K. Whitaker","52:00:13:65",NA,"","2",2021-07-29,1852.75851455764,2714.32352341456,1852.75851455764
"124","48","N48-Q22-F+","Norm","Q22","YES","Q22","NO","3","2","2196349"," two leaves;   youngest fully extended leaf, 3rd ""segment"" up from 2nd leaf of tiller (not the leaf near the soil); ","48-3",37.73633,993.06018,30.24,0.0074,0.00042,660.88,117,179.67,0.823,134.385,-41.7989,1.134,26.61,-3.63,0.6,90.08,274.966,0.05,-2e-05,0.728,0.259,0.013,2.798,0.675,0.072,0.253,"none",0.576,44.652,620,"7/29/2021 12:47",12.79361111,-0.0239,0.000836,0.056,"Briana K. Whitaker","52:00:13:65",NA,"","3",2021-07-29,1849.98881310124,2658.8082515075,1849.98881310124
"125","48","N48-Q22-F+","Norm","Q22","YES","Q22","NO","3","2","2196353"," two leaves;   youngest fully extended leaf, 4th ""segment"" up from 2nd leaf of tiller (not the leaf near the soil); ","48-4",38.1123,992.78339,30.2,0.0043,0.00033,729.96,133,214.33,0.818,233.016,628.3839,3.146,27.17,-3.03,0.3,100.39,315.983,0.087,0.00018,0.706,0.27,0.024,3.345,0.915,0.162,-0.077,"none",0.536,53.163,620,"7/29/2021 12:50",12.84305556,0.0016,0.1131091,0.077,"Briana K. Whitaker","52:00:13:65",NA,"","4",2021-07-29,1952.95486302889,2636.72687627368,1952.95486302889
"126","49","A49-Y108-F+","Alsen","Y108","YES","Y108","NO","3","2","2196413","two leaves;  youngest fully extended leaf, flag leaf, 5th ""segment"" up from 2nd leaf of tiller (not the leaf near the soil); ","49-1",37.63672,992.84393,30.17,0.0069,0.00042,783.33,159,245,0.797,145.14,97.7199,3.23,26.39,-3.78,0.28,104.93,339.428,0.243,0.00019,0.687,0.252,0.061,5.695,0.619,0.407,-0.026,"none",0.56,64.661,620,"7/29/2021 12:54",12.91333333,0.0102,0.0185668,0.061,"Briana K. Whitaker","52:00:13:65",NA,"","1",2021-07-29,1816.24540724835,2652.44223025411,1816.24540724835
"127","49","A49-Y108-F+","Alsen","Y108","YES","Y108","NO","3","2","2196341","two leaves;  youngest fully extended leaf, flag leaf, 5th ""segment"" up from 2nd leaf of tiller (not the leaf near the soil); ","49-2",37.95605,992.84747,30.17,0.0065,0.00033,714.32,136,218,0.81,154.455,-2033.1919,3.599,26.67,-3.5,0.27,102.69,328.34,0.148,0.00018,0.695,0.266,0.039,4.93,0.592,0.464,-0.056,"none",0.535,61.37,620,"7/29/2021 12:57",12.96555556,-5e-04,-0.3659745,0.051,"Briana K. Whitaker","52:00:13:65",NA,"","2",2021-07-29,1859.26727786374,2638.86044979954,1859.26727786374
"128","49","A49-Y108-F+","Alsen","Y108","YES","Y108","NO","3","2","2196346","two leaves;  youngest fully extended leaf, flag leaf, 5th ""segment"" up from 2nd leaf of tiller (not the leaf near the soil); ","49-3",37.5293,992.81561,30.31,0.0076,0.00041,759.06,151,241.33,0.801,132.406,138.4324,5.698,26.85,-3.46,0.27,105.19,342.762,0.212,0.00027,0.682,0.262,0.056,4.808,0.743,0.308,-0.05,"none",0.533,65.539,620,"7/29/2021 13:00",13.00222222,0.0072,0.0373767,0.054,"Briana K. Whitaker","52:00:13:65",NA,"","3",2021-07-29,1901.43208164905,2678.32384262714,1901.43208164905
"129","5","A05-Y108-F+","Alsen","Y108","YES","Y108","NO","1","1","2189260"," two leaves;   youngest fully extended leaf, 4th ""segment"" up from 2nd leaf of tiller (not the leaf near the soil); ","5-1",32.57324,997.39264,32.27,0.0076,0.00045,733.82,151,218,0.794,132.139,554.1521,3.224,28.11,-4.16,0.51,98.85,312.46,0.264,0.00017,0.703,0.235,0.062,3.914,0.891,0.226,-0.117,"none",0.613,49.192,620,"7/27/2021 11:10",11.1725,0.0018,0.0942059,0.059,"Briana K. Whitaker","52:00:13:65",NA,"","1",2021-07-27,2217.37650413987,3230.11667172621,2217.37650413987
"130","5","A05-Y108-F+","Alsen","Y108","YES","Y108","NO","1","1","2189261"," two leaves;   youngest fully extended leaf, 4th ""segment"" up from 2nd leaf of tiller (not the leaf near the soil); ","5-2",33.25684,997.3783,32.17,0.0082,0.00041,733.58,158,228.67,0.785,122.56,-43.4351,5.175,28.25,-3.92,0.37,108.22,349.545,0.34,6e-05,0.688,0.233,0.079,5.05,0.8,0.335,-0.134,"none",0.606,64.571,620,"7/27/2021 11:13",11.22416667,-0.023,-0.0026061,0.05,"Briana K. Whitaker","52:00:13:65",NA,"","2",2021-07-27,2224.33773654488,3179.43866243874,2224.33773654488
"131","5","A05-Y108-F+","Alsen","Y108","YES","Y108","NO","1","1","2189262"," two leaves;   youngest fully extended leaf, flag leaf, 5th ""segment"" up from 2nd leaf of tiller (not the leaf near the soil); skipped 5.3","5-4",33.02148,997.33459,32.36,0.0053,0.00034,650.71,130,180.33,0.8,187.539,262.31,4.042,28.57,-3.79,0.4,116.08,356.77,0.218,1e-04,0.723,0.227,0.05,3.228,0.946,0.116,-0.061,"none",0.651,44.521,620,"7/27/2021 11:16",11.28194444,0.0038,0.026231,0.064,"Briana K. Whitaker","52:00:13:65",NA,"General Note : flag leaves are 5th segment up for alsen","4",2021-07-27,2289.82236235652,3224.91246055842,2289.82236235652
"132","50","N50-Y11-F+","Norm","Y11","YES","Y11","NO","3","2","2196345"," two leaves;   youngest fully extended leaf, 4th ""segment"" up from 2nd leaf of tiller (not the leaf near the soil); ","50-1",36.85547,992.69427,30.47,0.0063,0.00031,703.8,142,229,0.798,158.691,-264.8549,1.82,26.53,-3.94,0.35,102.19,336.419,0.233,5e-05,0.675,0.264,0.062,6.055,0.471,0.575,-0.046,"none",0.524,76.643,620,"7/29/2021 13:03",13.06472222,-0.0038,-0.0132427,0.049,"Briana K. Whitaker","52:00:13:65",NA,"","1",2021-07-29,1850.62302297593,2732.01720394047,1850.62302297593
"133","50","N50-Y11-F+","Norm","Y11","YES","Y11","NO","3","2","2196347"," two leaves;   youngest fully extended leaf, 3rd ""segment"" up from 2nd leaf of tiller (not the leaf near the soil); ","50-2",36.95215,992.67578,30.5,0.0086,0.00051,714.48,141,221.67,0.803,116.925,-16.9168,2.763,27.35,-3.15,0.48,93.8,302.084,0.2,2e-04,0.69,0.259,0.052,4.585,0.663,0.411,-0.074,"none",0.547,59.025,620,"7/29/2021 13:06",13.11027778,-0.0591,-0.0033834,0.06,"Briana K. Whitaker","52:00:13:65",NA,"","2",2021-07-29,2012.9880503187,2732.49977449809,2012.9880503187
"134","50","N50-Y11-F+","Norm","Y11","YES","Y11","NO","3","2","2196348"," two leaves;   youngest fully extended leaf, 4th ""segment"" up from 2nd leaf of tiller (not the leaf near the soil); ","50-3",37.12891,992.66516,30.48,0.0076,0.00031,790.78,152,234.67,0.808,132.434,122.9952,0.593,27.35,-3.13,0.35,102.48,323.944,0.161,0.00015,0.703,0.256,0.041,6.352,0.587,0.499,-0.086,"none",0.564,79.679,620,"7/29/2021 13:10",13.17527778,0.0081,0.0184493,0.041,"Briana K. Whitaker","52:00:13:65",NA,"","3",2021-07-29,2007.15939993063,2721.73657389382,2007.15939993063
"135","51","N51-A30-F+","Norm","A30","YES","A30","NO","3","2","2196411"," two leaves;   youngest fully extended leaf, 4th ""segment"" up from 2nd leaf of tiller (not the leaf near the soil); ","51-1",36.87402,992.63763,30.71,0.0077,0.00029,773.31,150,239,0.806,129.758,123.5245,1.786,26.75,-3.96,0.33,105.13,338.082,0.174,0.00017,0.691,0.263,0.046,5.478,0.577,0.49,-0.067,"none",0.538,75.527,620,"7/29/2021 13:14",13.23777778,0.0081,0.0209992,0.038,"Briana K. Whitaker","52:00:13:65",NA,"","1",2021-07-29,1872.60205272051,2768.7800889876,1872.60205272051
"136","51","N51-A30-F+","Norm","A30","YES","A30","NO","3","2","2196344"," two leaves;   youngest fully extended leaf, 4th ""segment"" up from 2nd leaf of tiller (not the leaf near the soil); ","51-2",36.86133,992.57361,30.68,0.0039,3e-04,745.76,142,218.67,0.81,257.424,2239.6595,2.103,26.89,-3.79,0.39,99.61,313.091,0.148,0.00015,0.707,0.255,0.038,4.891,0.704,0.372,-0.077,"none",0.567,58.392,620,"7/29/2021 13:16",13.28277778,4e-04,0.3359489,0.077,"Briana K. Whitaker","52:00:13:65",NA,"","2",2021-07-29,1904.63878339137,2764.61562821229,1904.63878339137
"137","51","N51-A30-F+","Norm","A30","YES","A30","NO","3","2","2196414"," two leaves;   youngest fully extended leaf, 4th ""segment"" up from 2nd leaf of tiller (not the leaf near the soil); ","51-3",36.70801,992.49219,30.7,0.0082,0.00026,797.46,158,239,0.802,121.963,546.18,5.829,26.93,-3.77,0.35,96.16,305.278,0.206,0.00018,0.7,0.249,0.051,4.352,0.785,0.351,-0.136,"none",0.577,71.218,620,"7/29/2021 13:19",13.32305556,0.0018,0.0983124,0.032,"Briana K. Whitaker","52:00:13:65",NA,"","3",2021-07-29,1917.76728815603,2774.48319605086,1917.76728815603
"138","52","N52-Y108-F+","Norm","Y108","YES","Y108","NO","3","2","2196352"," two leaves;   youngest fully extended leaf, 4th ""segment"" up from 2nd leaf of tiller (not the leaf near the soil); ","52-1",36.57227,992.42987,31.07,0.0046,0.00027,810.49,159,225.67,0.804,218.903,7.7419,2.237,27.11,-3.96,0.48,98.53,303.251,0.191,-0.00017,0.722,0.234,0.045,5.441,0.663,0.424,-0.087,"none",0.632,66.95,620,"7/29/2021 13:24",13.40888889,0.1292,-0.0013161,0.059,"Briana K. Whitaker","52:00:13:65",NA,"","1",2021-07-29,1926.98139596806,2839.4787925127,1926.98139596806
"139","52","N52-Y108-F+","Norm","Y108","YES","Y108","NO","3","2","2196415"," two leaves;   youngest fully extended leaf, 4th ""segment"" up from 2nd leaf of tiller (not the leaf near the soil); ","52-2",37.0498,992.45142,31.26,0.005,3e-04,811.77,173,228.33,0.787,198.263,-798.6389,1.212,27.67,-3.59,0.65,98.46,304.312,0.322,-0.00017,0.719,0.213,0.068,6.131,0.565,0.541,-0.105,"none",0.692,92.389,620,"7/29/2021 13:27",13.45055556,-0.0013,0.1357686,0.059,"Briana K. Whitaker","52:00:13:65",NA,"","2",2021-07-29,2005.92684490365,2848.61148644549,2005.92684490365
"140","53","A53-B-/-F-","Alsen","NO","NO","NEG","NEG","3","2","2196416","two leaves;  youngest fully extended leaf, flag leaf, 5th ""segment"" up from 2nd leaf of tiller (not the leaf near the soil); ","53-1",35.20312,992.3067,31.48,0.0096,0.00045,763.81,163,220,0.787,104.526,-1.6465,6.983,26.93,-4.55,0.39,99.41,310.269,0.324,5e-05,0.712,0.218,0.07,4.598,0.602,0.423,-0.025,"none",0.671,73.45,620,"7/29/2021 13:34",13.57722222,-0.6073,-8.23e-05,0.047,"Briana K. Whitaker","52:00:13:65",NA,"","1",2021-07-29,1913.94675952369,2968.91002659524,1913.94675952369
"141","53","A53-B-/-F-","Alsen","NO","NO","NEG","NEG","3","2","2196340","two leaves;  youngest fully extended leaf, flag leaf, 5th ""segment"" up from 2nd leaf of tiller (not the leaf near the soil); ","53-2",35.12695,992.16748,31.41,0.0095,0.00052,659.62,124,191.33,0.812,105.7,90.233,4.017,27.49,-3.92,0.38,105.13,329.031,0.13,0.00036,0.71,0.257,0.033,2.078,0.768,-0.093,0.325,"none",0.567,48.53,620,"7/29/2021 13:37",13.62611111,0.0111,0.0324839,0.055,"Briana K. Whitaker","52:00:13:65",NA,"","2",2021-07-29,2040.99961132393,2960.65538043292,2040.99961132393
"142","53","A53-B-/-F-","Alsen","NO","NO","NEG","NEG","3","2","2196417","two leaves;  youngest fully extended leaf, flag leaf, 5th ""segment"" up from 2nd leaf of tiller (not the leaf near the soil); ","53-3",34.80859,992.33844,31.44,0.0047,0.00028,707.89,132,205.33,0.814,213.148,663.1449,4.248,27.49,-3.95,0.35,98.88,309.472,0.119,0.00023,0.71,0.259,0.031,5.129,0.717,0.343,-0.06,"none",0.561,65.72,620,"7/29/2021 13:39",13.66472222,0.0015,0.1525233,0.06,"Briana K. Whitaker","52:00:13:65",NA,"","3",2021-07-29,2052.83071867753,2980.23774654619,2052.83071867753
"143","54","A54-Y2-F+","Alsen","Y2","YES","Y2","NO","3","2","2196363","two leaves;  youngest fully extended leaf, flag leaf, 5th ""segment"" up from 2nd leaf of tiller (not the leaf near the soil); ","54-1",34.72266,992.81952,31.41,0.0055,0.00027,793.94,148,206.33,0.814,181.446,-412.5979,1.415,26.79,-4.62,0.47,110.43,331.623,0.118,-0.00015,0.74,0.232,0.027,6.646,0.656,0.481,-0.138,"none",0.653,85.798,620,"7/29/2021 13:43",13.71944444,-0.0024,0.0618897,0.049,"Briana K. Whitaker","52:00:13:65",NA,"","1",2021-07-29,1913.4644758527,2979.10623735664,1913.4644758527
"144","54","A54-Y2-F+","Alsen","Y2","YES","Y2","NO","3","2","2196359","two leaves;  youngest fully extended leaf, flag leaf, 5th ""segment"" up from 2nd leaf of tiller (not the leaf near the soil); ","54-2",34.83789,993.00592,31.36,0.0102,0.00041,714.94,142,213.33,0.801,97.832,100.5097,6.137,27.29,-4.07,0.31,104.75,331.581,0.209,0.00031,0.702,0.247,0.052,4.037,0.622,0.345,0.033,"none",0.583,60.719,620,"7/29/2021 13:45",13.75444444,0.0099,0.031158,0.04,"Briana K. Whitaker","52:00:13:65",NA,"","2",2021-07-29,2016.44153901962,2965.44580390114,2016.44153901962
"145","54","A54-Y2-F+","Alsen","Y2","YES","Y2","NO","3","2","2196358","two leaves;  youngest fully extended leaf, flag leaf, 5th ""segment"" up from 2nd leaf of tiller (not the leaf near the soil); ","54-3",35.40039,992.96045,31.41,0.0066,0.00037,723.33,136,223.67,0.812,152.504,545.7942,5.079,27.29,-4.12,0.31,103.37,332.436,0.13,0.00025,0.691,0.274,0.036,4.789,0.892,0.271,-0.164,"none",0.517,60.649,620,"7/29/2021 13:47",13.78722222,0.0018,0.1364486,0.056,"Briana K. Whitaker","52:00:13:65",NA,"","3",2021-07-29,1986.2785606312,2948.17621370304,1986.2785606312
"146","6","A06-B-/-F+","Alsen","NO","YES","POS","POS","1","1","2189265"," two leaves;   youngest fully extended leaf, flag leaf, 5th ""segment"" up from 2nd leaf of tiller (not the leaf near the soil); ","6-4",33.08301,997.73016,32.23,0.0072,0.00042,719.75,150,219.67,0.792,139.822,225.7122,3.7,28.63,-3.6,0.36,109.62,350.519,0.285,0.00023,0.695,0.238,0.068,3.804,0.646,0.359,-0.005,"none",0.599,49.132,620,"7/27/2021 11:26",11.4475,0.0044,0.0519138,0.059,"Briana K. Whitaker","52:00:13:65",NA,"","4",2021-07-27,2311.92715189109,3198.49473079014,2311.92715189109
"147","6","A06-B-/-F+","Alsen","NO","YES","POS","POS","1","1","2189264"," two leaves;   youngest fully extended leaf, 3rd ""segment"" up from 2nd leaf of tiller (not the leaf near the soil); ","6-3",33.08789,997.72052,32.13,0.0075,0.00045,689.88,136,222.33,0.803,132.93,141.6439,0.654,28.31,-3.82,0.61,100.36,328.945,0.198,3e-04,0.678,0.269,0.053,3.685,0.912,0.104,-0.015,"none",0.516,51.449,620,"7/27/2021 11:24",11.40361111,0.0071,0.0424932,0.06,"Briana K. Whitaker","52:00:13:65",NA,"","3",2021-07-27,2249.18544509354,3180.32141012045,2249.18544509354
"148","6","A06-B-/-F+","Alsen","NO","YES","POS","POS","1","1","2189263"," two leaves;   youngest fully extended leaf, 4th ""segment"" up from 2nd leaf of tiller (not the leaf near the soil); ","6-1",32.92773,997.60297,32.22,0.0102,0.00048,732.29,158,231.67,0.784,98.073,95.8439,2.326,27.53,-4.69,0.65,104.89,340.765,0.343,0.00037,0.684,0.236,0.081,3.848,0.494,0.404,0.102,"none",0.595,67.832,620,"7/27/2021 11:20",11.34166667,0.0104,0.0354622,0.047,"Briana K. Whitaker","52:00:13:65",NA,"","1",2021-07-27,2079.61889429973,3204.11453937223,2079.61889429973
"149","7","A07-Q16-F+","Alsen","Q16","YES","Q16","NO","1","1","2189266"," two leaves;   youngest fully extended leaf, 4th ""segment"" up from 2nd leaf of tiller (not the leaf near the soil); ","7-1",33.02539,997.74353,32.09,0.0077,0.00051,706.98,130,199.33,0.816,130.448,83.4641,2.971,28.17,-3.92,0.4,96.54,298.79,0.1,0.00015,0.718,0.256,0.026,1.833,0.877,-0.065,0.188,"none",0.574,41.339,620,"7/27/2021 11:30",11.51055556,0.012,0.0125196,0.067,"Briana K. Whitaker","52:00:13:65",NA,"","1",2021-07-27,2224.81710528406,3176.13382979985,2224.81710528406
"150","7","A07-Q16-F+","Alsen","Q16","YES","Q16","NO","1","1","2189268"," two leaves;   youngest fully extended leaf, 4th ""segment"" up from 2nd leaf of tiller (not the leaf near the soil); ","7-3",32.81445,997.78076,32.31,0.0087,0.00039,719.64,146,211,0.797,115.094,-43.3235,2.482,28.81,-3.5,0.41,104.34,327.949,0.242,5e-05,0.707,0.236,0.057,3.524,0.843,0.204,-0.046,"none",0.614,56.076,620,"7/27/2021 11:35",11.59972222,-0.0231,-0.0021662,0.045,"Briana K. Whitaker","52:00:13:65",NA,"","3",2021-07-27,2358.35310110716,3225.80552911185,2358.35310110716
"151","7","A07-Q16-F+","Alsen","Q16","YES","Q16","NO","1","1","2189267"," two leaves;   youngest fully extended leaf, flag leaf, 5th ""segment"" up from 2nd leaf of tiller (not the leaf near the soil); ","7-2",33.2002,997.75,32.2,0.0073,0.00047,686.67,143,206.67,0.792,137.401,129.9881,3.676,28.49,-3.71,0.36,108.02,343.415,0.284,2e-04,0.699,0.234,0.066,3.473,0.845,0.187,-0.032,"none",0.611,44.565,620,"7/27/2021 11:33",11.55611111,0.0077,0.0259976,0.065,"Briana K. Whitaker","52:00:13:65",NA,"","2",2021-07-27,2277.63056274768,3187.51111270563,2277.63056274768
"152","8","A08-B-/-F-","Alsen","NO","NO","NEG","NEG","1","1","2189269"," two leaves;   youngest fully extended leaf, 4th ""segment"" up from 2nd leaf of tiller (not the leaf near the soil); ","8-1",32.56934,997.79779,32.21,0.0067,0.00038,761.34,156,242.33,0.795,150.123,843.1502,3.423,27.75,-4.46,0.29,102.43,333.751,0.258,0.00015,0.682,0.253,0.065,4.606,0.82,0.298,-0.118,"none",0.552,65.884,620,"7/27/2021 11:39",11.65944444,0.0012,0.1264725,0.057,"Briana K. Whitaker","52:00:13:65",NA,"","1",2021-07-27,2144.67332730498,3219.42421352736,2144.67332730498
"153","8","A08-B-/-F-","Alsen","NO","NO","NEG","NEG","1","1","2189270"," two leaves;   youngest fully extended leaf, 3rd ""segment"" up from 2nd leaf of tiller (not the leaf near the soil); ","8-2",32.80566,997.85425,32.18,0.0059,0.00036,713.5,134,218.33,0.812,168.687,392.3847,9.272,28.53,-3.65,0.73,98.01,313.842,0.128,0.00016,0.694,0.271,0.035,4.374,0.802,0.265,-0.067,"none",0.524,53.62,620,"7/27/2021 11:42",11.70916667,0.0025,0.0627816,0.061,"Briana K. Whitaker","52:00:13:65",NA,"","2",2021-07-27,2307.15733465219,3202.73262071762,2307.15733465219
"154","8","A08-B-/-F-","Alsen","NO","NO","NEG","NEG","1","1","2189271"," two leaves;   youngest fully extended leaf, 4th ""segment"" up from 2nd leaf of tiller (not the leaf near the soil); ","8-3",33.2793,997.89453,32.31,0.0058,0.00031,748.89,157,219.67,0.79,172.627,-68.0408,3.966,28.35,-3.96,0.61,104.63,328.878,0.294,-1e-05,0.707,0.227,0.067,5.661,0.738,0.422,-0.161,"none",0.639,75.363,620,"7/27/2021 11:45",11.75305556,-0.0147,0.0006804,0.054,"Briana K. Whitaker","52:00:13:65",NA,"","3",2021-07-27,2232.8552695555,3203.4865081288,2232.8552695555
"155","9","N09-W14-F+","Norm","W14","YES","W14","NO","1","1","2189273"," two leaves;   youngest fully extended leaf, 4th ""segment"" up from 2nd leaf of tiller (not the leaf near the soil); ","9-2",32.78516,998.03851,32.23,0.0054,3e-04,778.74,159,226,0.796,184.07,-860.059,4.375,28.07,-4.16,0.36,97.01,303.642,0.252,-5e-05,0.71,0.232,0.058,3.615,0.647,0.442,-0.089,"none",0.627,63.226,620,"7/27/2021 11:51",11.86305556,-0.0012,0.043003,0.055,"Briana K. Whitaker","52:00:13:65",NA,"","2",2021-07-27,2201.99934576489,3212.73134925678,2201.99934576489
"156","9","N09-W14-F+","Norm","W14","YES","W14","NO","1","1","2189272"," two leaves;   youngest fully extended leaf, 3rd ""segment"" up from 2nd leaf of tiller (not the leaf near the soil); ","9-1",33.03906,998.00061,32.29,0.0072,0.00028,768.85,156,238.33,0.797,139.5,516.8616,2.071,27.75,-4.54,0.46,86.94,279.992,0.242,0.00015,0.69,0.25,0.06,4.49,0.765,0.358,-0.123,"none",0.567,65.268,620,"7/27/2021 11:48",11.81305556,0.0019,0.0775292,0.039,"Briana K. Whitaker","52:00:13:65",NA,"","1",2021-07-27,2115.13605914636,3211.40951139891,2115.13605914636
"157","9","N09-W14-F+","Norm","W14","YES","W14","NO","1","1","2189274"," two leaves;   youngest fully extended leaf, 4th ""segment"" up from 2nd leaf of tiller (not the leaf near the soil); ","9-3",32.74316,997.91498,32.3,0.0044,0.00028,674.08,140,203.33,0.792,227.362,-27.2454,3.206,28.39,-3.91,0.48,103.41,329.211,0.279,9e-05,0.698,0.236,0.066,4.49,0.662,0.423,-0.085,"none",0.607,72.6,620,"7/27/2021 11:54",11.91166667,-0.0367,-0.0024521,0.064,"Briana K. Whitaker","52:00:13:65",NA,"","3",2021-07-27,2268.35800975137,3227.41411448397,2268.35800975137
